profile,ear,band,active_prescription,point,centre_hz,input_level_db_spl,sigma_graph_input_dbfs,sigma_graph_output_dbfs,camfit_gain_db,sigma_output_after_global_headroom_dbfs,maximum_interpolation_error_db,implementation_note
N1,left,1,True,1,177.0000,10.0,-90.000000,-87.019062,2.980938,-107.019062,0.003427497,enter x/y in compressor graph
N1,left,1,True,2,177.0000,38.0,-62.000000,-59.019062,2.980938,-79.019062,0.003427497,enter x/y in compressor graph
N1,left,1,True,3,177.0000,59.0,-41.000000,-40.996487,0.003513,-60.996487,0.003427497,enter x/y in compressor graph
N1,left,1,True,4,177.0000,100.0,0.000000,0.000000,0.000000,-20.000000,0.003427497,enter x/y in compressor graph
N1,left,1,True,5,177.0000,110.0,10.000000,0.000000,-10.000000,-20.000000,0.003427497,enter x/y in compressor graph
N1,left,2,True,1,297.0000,10.0,-90.000000,-90.000000,0.000000,-110.000000,0.000000000,enter x/y in compressor graph
N1,left,2,True,2,297.0000,100.0,0.000000,0.000000,0.000000,-20.000000,0.000000000,enter x/y in compressor graph
N1,left,2,True,3,297.0000,110.0,10.000000,0.000000,-10.000000,-20.000000,0.000000000,enter x/y in compressor graph
N1,left,3,True,1,500.0000,10.0,-90.000000,-90.000000,0.000000,-110.000000,0.000000000,enter x/y in compressor graph
N1,left,3,True,2,500.0000,100.0,0.000000,0.000000,0.000000,-20.000000,0.000000000,enter x/y in compressor graph
N1,left,3,True,3,500.0000,110.0,10.000000,0.000000,-10.000000,-20.000000,0.000000000,enter x/y in compressor graph
N1,left,4,True,1,841.0000,10.0,-90.000000,-90.000000,0.000000,-110.000000,0.000000000,enter x/y in compressor graph
N1,left,4,True,2,841.0000,100.0,0.000000,0.000000,0.000000,-20.000000,0.000000000,enter x/y in compressor graph
N1,left,4,True,3,841.0000,110.0,10.000000,0.000000,-10.000000,-20.000000,0.000000000,enter x/y in compressor graph
N1,left,5,True,1,1414.0000,10.0,-90.000000,-90.000000,0.000000,-110.000000,0.000000000,enter x/y in compressor graph
N1,left,5,True,2,1414.0000,100.0,0.000000,0.000000,0.000000,-20.000000,0.000000000,enter x/y in compressor graph
N1,left,5,True,3,1414.0000,110.0,10.000000,0.000000,-10.000000,-20.000000,0.000000000,enter x/y in compressor graph
N1,left,6,True,1,2378.0000,10.0,-90.000000,-85.094141,4.905859,-105.094141,0.000000000,enter x/y in compressor graph
N1,left,6,True,2,2378.0000,95.0,-5.000000,-0.094141,4.905859,-20.094141,0.000000000,enter x/y in compressor graph
N1,left,6,True,3,2378.0000,96.0,-4.000000,0.000000,4.000000,-20.000000,0.000000000,enter x/y in compressor graph
N1,left,6,True,4,2378.0000,110.0,10.000000,0.000000,-10.000000,-20.000000,0.000000000,enter x/y in compressor graph
N1,left,7,True,1,4000.0000,10.0,-90.000000,-73.386670,16.613330,-93.386670,0.000000000,enter x/y in compressor graph
N1,left,7,True,2,4000.0000,23.0,-77.000000,-60.386670,16.613330,-80.386670,0.000000000,enter x/y in compressor graph
N1,left,7,True,3,4000.0000,90.0,-10.000000,-0.368383,9.631617,-20.368383,0.000000000,enter x/y in compressor graph
N1,left,7,True,4,4000.0000,91.0,-9.000000,0.000000,9.000000,-20.000000,0.000000000,enter x/y in compressor graph
N1,left,7,True,5,4000.0000,110.0,10.000000,0.000000,-10.000000,-20.000000,0.000000000,enter x/y in compressor graph
N1,left,8,True,1,6727.0000,10.0,-90.000000,-57.406384,32.593616,-77.406384,0.000000000,enter x/y in compressor graph
N1,left,8,True,2,6727.0000,22.0,-78.000000,-45.406384,32.593616,-65.406384,0.000000000,enter x/y in compressor graph
N1,left,8,True,3,6727.0000,76.0,-24.000000,-23.832459,0.167541,-43.832459,0.000000000,enter x/y in compressor graph
N1,left,8,True,4,6727.0000,77.0,-23.000000,-23.000000,0.000000,-43.000000,0.000000000,enter x/y in compressor graph
N1,left,8,True,5,6727.0000,100.0,0.000000,0.000000,0.000000,-20.000000,0.000000000,enter x/y in compressor graph
N1,left,8,True,6,6727.0000,110.0,10.000000,0.000000,-10.000000,-20.000000,0.000000000,enter x/y in compressor graph
N1,left,9,False,1,11314.0000,10.0,-90.000000,-90.000000,0.000000,-110.000000,0.000000000,bypass compressor; global headroom still applies
N1,left,9,False,2,11314.0000,110.0,10.000000,10.000000,0.000000,-10.000000,0.000000000,bypass compressor; global headroom still applies
N1,right,1,True,1,177.0000,10.0,-90.000000,-87.019062,2.980938,-107.019062,0.003427497,enter x/y in compressor graph
N1,right,1,True,2,177.0000,38.0,-62.000000,-59.019062,2.980938,-79.019062,0.003427497,enter x/y in compressor graph
N1,right,1,True,3,177.0000,59.0,-41.000000,-40.996487,0.003513,-60.996487,0.003427497,enter x/y in compressor graph
N1,right,1,True,4,177.0000,100.0,0.000000,0.000000,0.000000,-20.000000,0.003427497,enter x/y in compressor graph
N1,right,1,True,5,177.0000,110.0,10.000000,0.000000,-10.000000,-20.000000,0.003427497,enter x/y in compressor graph
N1,right,2,True,1,297.0000,10.0,-90.000000,-90.000000,0.000000,-110.000000,0.000000000,enter x/y in compressor graph
N1,right,2,True,2,297.0000,100.0,0.000000,0.000000,0.000000,-20.000000,0.000000000,enter x/y in compressor graph
N1,right,2,True,3,297.0000,110.0,10.000000,0.000000,-10.000000,-20.000000,0.000000000,enter x/y in compressor graph
N1,right,3,True,1,500.0000,10.0,-90.000000,-90.000000,0.000000,-110.000000,0.000000000,enter x/y in compressor graph
N1,right,3,True,2,500.0000,100.0,0.000000,0.000000,0.000000,-20.000000,0.000000000,enter x/y in compressor graph
N1,right,3,True,3,500.0000,110.0,10.000000,0.000000,-10.000000,-20.000000,0.000000000,enter x/y in compressor graph
N1,right,4,True,1,841.0000,10.0,-90.000000,-90.000000,0.000000,-110.000000,0.000000000,enter x/y in compressor graph
N1,right,4,True,2,841.0000,100.0,0.000000,0.000000,0.000000,-20.000000,0.000000000,enter x/y in compressor graph
N1,right,4,True,3,841.0000,110.0,10.000000,0.000000,-10.000000,-20.000000,0.000000000,enter x/y in compressor graph
N1,right,5,True,1,1414.0000,10.0,-90.000000,-90.000000,0.000000,-110.000000,0.000000000,enter x/y in compressor graph
N1,right,5,True,2,1414.0000,100.0,0.000000,0.000000,0.000000,-20.000000,0.000000000,enter x/y in compressor graph
N1,right,5,True,3,1414.0000,110.0,10.000000,0.000000,-10.000000,-20.000000,0.000000000,enter x/y in compressor graph
N1,right,6,True,1,2378.0000,10.0,-90.000000,-85.094141,4.905859,-105.094141,0.000000000,enter x/y in compressor graph
N1,right,6,True,2,2378.0000,95.0,-5.000000,-0.094141,4.905859,-20.094141,0.000000000,enter x/y in compressor graph
N1,right,6,True,3,2378.0000,96.0,-4.000000,0.000000,4.000000,-20.000000,0.000000000,enter x/y in compressor graph
N1,right,6,True,4,2378.0000,110.0,10.000000,0.000000,-10.000000,-20.000000,0.000000000,enter x/y in compressor graph
N1,right,7,True,1,4000.0000,10.0,-90.000000,-73.386670,16.613330,-93.386670,0.000000000,enter x/y in compressor graph
N1,right,7,True,2,4000.0000,23.0,-77.000000,-60.386670,16.613330,-80.386670,0.000000000,enter x/y in compressor graph
N1,right,7,True,3,4000.0000,90.0,-10.000000,-0.368383,9.631617,-20.368383,0.000000000,enter x/y in compressor graph
N1,right,7,True,4,4000.0000,91.0,-9.000000,0.000000,9.000000,-20.000000,0.000000000,enter x/y in compressor graph
N1,right,7,True,5,4000.0000,110.0,10.000000,0.000000,-10.000000,-20.000000,0.000000000,enter x/y in compressor graph
N1,right,8,True,1,6727.0000,10.0,-90.000000,-57.406384,32.593616,-77.406384,0.000000000,enter x/y in compressor graph
N1,right,8,True,2,6727.0000,22.0,-78.000000,-45.406384,32.593616,-65.406384,0.000000000,enter x/y in compressor graph
N1,right,8,True,3,6727.0000,76.0,-24.000000,-23.832459,0.167541,-43.832459,0.000000000,enter x/y in compressor graph
N1,right,8,True,4,6727.0000,77.0,-23.000000,-23.000000,0.000000,-43.000000,0.000000000,enter x/y in compressor graph
N1,right,8,True,5,6727.0000,100.0,0.000000,0.000000,0.000000,-20.000000,0.000000000,enter x/y in compressor graph
N1,right,8,True,6,6727.0000,110.0,10.000000,0.000000,-10.000000,-20.000000,0.000000000,enter x/y in compressor graph
N1,right,9,False,1,11314.0000,10.0,-90.000000,-90.000000,0.000000,-110.000000,0.000000000,bypass compressor; global headroom still applies
N1,right,9,False,2,11314.0000,110.0,10.000000,10.000000,0.000000,-10.000000,0.000000000,bypass compressor; global headroom still applies
N2,left,1,True,1,177.0000,10.0,-90.000000,-81.486225,8.513775,-101.486225,0.009789179,enter x/y in compressor graph
N2,left,1,True,2,177.0000,38.0,-62.000000,-53.486225,8.513775,-73.486225,0.009789179,enter x/y in compressor graph
N2,left,1,True,3,177.0000,59.0,-41.000000,-40.989966,0.010034,-60.989966,0.009789179,enter x/y in compressor graph
N2,left,1,True,4,177.0000,100.0,0.000000,0.000000,0.000000,-20.000000,0.009789179,enter x/y in compressor graph
N2,left,1,True,5,177.0000,110.0,10.000000,0.000000,-10.000000,-20.000000,0.009789179,enter x/y in compressor graph
N2,left,2,True,1,297.0000,10.0,-90.000000,-85.199974,4.800026,-105.199974,0.006770160,enter x/y in compressor graph
N2,left,2,True,2,297.0000,38.0,-62.000000,-57.199974,4.800026,-77.199974,0.006770160,enter x/y in compressor graph
N2,left,2,True,3,297.0000,59.0,-41.000000,-40.993061,0.006939,-60.993061,0.006770160,enter x/y in compressor graph
N2,left,2,True,4,297.0000,100.0,0.000000,0.000000,0.000000,-20.000000,0.006770160,enter x/y in compressor graph
N2,left,2,True,5,297.0000,110.0,10.000000,0.000000,-10.000000,-20.000000,0.006770160,enter x/y in compressor graph
N2,left,3,True,1,500.0000,10.0,-90.000000,-88.063369,1.936631,-108.063369,0.000000000,enter x/y in compressor graph
N2,left,3,True,2,500.0000,36.0,-64.000000,-62.063369,1.936631,-82.063369,0.000000000,enter x/y in compressor graph
N2,left,3,True,3,500.0000,98.0,-2.000000,-0.923219,1.076781,-20.923219,0.000000000,enter x/y in compressor graph
N2,left,3,True,4,500.0000,99.0,-1.000000,0.000000,1.000000,-20.000000,0.000000000,enter x/y in compressor graph
N2,left,3,True,5,500.0000,110.0,10.000000,0.000000,-10.000000,-20.000000,0.000000000,enter x/y in compressor graph
N2,left,4,True,1,841.0000,10.0,-90.000000,-82.103641,7.896359,-102.103641,0.000000000,enter x/y in compressor graph
N2,left,4,True,2,841.0000,37.0,-63.000000,-55.103641,7.896359,-75.103641,0.000000000,enter x/y in compressor graph
N2,left,4,True,3,841.0000,92.0,-8.000000,-0.784452,7.215548,-20.784452,0.000000000,enter x/y in compressor graph
N2,left,4,True,4,841.0000,93.0,-7.000000,0.000000,7.000000,-20.000000,0.000000000,enter x/y in compressor graph
N2,left,4,True,5,841.0000,110.0,10.000000,0.000000,-10.000000,-20.000000,0.000000000,enter x/y in compressor graph
N2,left,5,True,1,1414.0000,10.0,-90.000000,-73.923221,16.076779,-93.923221,0.000000000,enter x/y in compressor graph
N2,left,5,True,2,1414.0000,32.0,-68.000000,-51.923221,16.076779,-71.923221,0.000000000,enter x/y in compressor graph
N2,left,5,True,3,1414.0000,93.0,-7.000000,-0.191877,6.808123,-20.191877,0.000000000,enter x/y in compressor graph
N2,left,5,True,4,1414.0000,94.0,-6.000000,0.000000,6.000000,-20.000000,0.000000000,enter x/y in compressor graph
N2,left,5,True,5,1414.0000,110.0,10.000000,0.000000,-10.000000,-20.000000,0.000000000,enter x/y in compressor graph
N2,left,6,True,1,2378.0000,10.0,-90.000000,-68.244769,21.755231,-88.244769,0.000000000,enter x/y in compressor graph
N2,left,6,True,2,2378.0000,26.0,-74.000000,-52.244769,21.755231,-72.244769,0.000000000,enter x/y in compressor graph
N2,left,6,True,3,2378.0000,89.0,-11.000000,-0.742401,10.257599,-20.742401,0.000000000,enter x/y in compressor graph
N2,left,6,True,4,2378.0000,90.0,-10.000000,0.000000,10.000000,-20.000000,0.000000000,enter x/y in compressor graph
N2,left,6,True,5,2378.0000,110.0,10.000000,0.000000,-10.000000,-20.000000,0.000000000,enter x/y in compressor graph
N2,left,7,True,1,4000.0000,10.0,-90.000000,-61.826834,28.173166,-81.826834,0.000000000,enter x/y in compressor graph
N2,left,7,True,2,4000.0000,23.0,-77.000000,-48.826834,28.173166,-68.826834,0.000000000,enter x/y in compressor graph
N2,left,7,True,3,4000.0000,93.0,-7.000000,-0.489583,6.510417,-20.489583,0.000000000,enter x/y in compressor graph
N2,left,7,True,4,4000.0000,94.0,-6.000000,0.000000,6.000000,-20.000000,0.000000000,enter x/y in compressor graph
N2,left,7,True,5,4000.0000,110.0,10.000000,0.000000,-10.000000,-20.000000,0.000000000,enter x/y in compressor graph
N2,left,8,True,1,6727.0000,10.0,-90.000000,-48.403088,41.596912,-68.403088,0.000000000,enter x/y in compressor graph
N2,left,8,True,2,6727.0000,22.0,-78.000000,-36.403088,41.596912,-56.403088,0.000000000,enter x/y in compressor graph
N2,left,8,True,3,6727.0000,85.0,-15.000000,-14.850457,0.149543,-34.850457,0.000000000,enter x/y in compressor graph
N2,left,8,True,4,6727.0000,86.0,-14.000000,-14.000000,0.000000,-34.000000,0.000000000,enter x/y in compressor graph
N2,left,8,True,5,6727.0000,100.0,0.000000,0.000000,0.000000,-20.000000,0.000000000,enter x/y in compressor graph
N2,left,8,True,6,6727.0000,110.0,10.000000,0.000000,-10.000000,-20.000000,0.000000000,enter x/y in compressor graph
N2,left,9,False,1,11314.0000,10.0,-90.000000,-90.000000,0.000000,-110.000000,0.000000000,bypass compressor; global headroom still applies
N2,left,9,False,2,11314.0000,110.0,10.000000,10.000000,0.000000,-10.000000,0.000000000,bypass compressor; global headroom still applies
N2,right,1,True,1,177.0000,10.0,-90.000000,-81.486225,8.513775,-101.486225,0.009789179,enter x/y in compressor graph
N2,right,1,True,2,177.0000,38.0,-62.000000,-53.486225,8.513775,-73.486225,0.009789179,enter x/y in compressor graph
N2,right,1,True,3,177.0000,59.0,-41.000000,-40.989966,0.010034,-60.989966,0.009789179,enter x/y in compressor graph
N2,right,1,True,4,177.0000,100.0,0.000000,0.000000,0.000000,-20.000000,0.009789179,enter x/y in compressor graph
N2,right,1,True,5,177.0000,110.0,10.000000,0.000000,-10.000000,-20.000000,0.009789179,enter x/y in compressor graph
N2,right,2,True,1,297.0000,10.0,-90.000000,-85.199974,4.800026,-105.199974,0.006770160,enter x/y in compressor graph
N2,right,2,True,2,297.0000,38.0,-62.000000,-57.199974,4.800026,-77.199974,0.006770160,enter x/y in compressor graph
N2,right,2,True,3,297.0000,59.0,-41.000000,-40.993061,0.006939,-60.993061,0.006770160,enter x/y in compressor graph
N2,right,2,True,4,297.0000,100.0,0.000000,0.000000,0.000000,-20.000000,0.006770160,enter x/y in compressor graph
N2,right,2,True,5,297.0000,110.0,10.000000,0.000000,-10.000000,-20.000000,0.006770160,enter x/y in compressor graph
N2,right,3,True,1,500.0000,10.0,-90.000000,-88.063369,1.936631,-108.063369,0.000000000,enter x/y in compressor graph
N2,right,3,True,2,500.0000,36.0,-64.000000,-62.063369,1.936631,-82.063369,0.000000000,enter x/y in compressor graph
N2,right,3,True,3,500.0000,98.0,-2.000000,-0.923219,1.076781,-20.923219,0.000000000,enter x/y in compressor graph
N2,right,3,True,4,500.0000,99.0,-1.000000,0.000000,1.000000,-20.000000,0.000000000,enter x/y in compressor graph
N2,right,3,True,5,500.0000,110.0,10.000000,0.000000,-10.000000,-20.000000,0.000000000,enter x/y in compressor graph
N2,right,4,True,1,841.0000,10.0,-90.000000,-82.103641,7.896359,-102.103641,0.000000000,enter x/y in compressor graph
N2,right,4,True,2,841.0000,37.0,-63.000000,-55.103641,7.896359,-75.103641,0.000000000,enter x/y in compressor graph
N2,right,4,True,3,841.0000,92.0,-8.000000,-0.784452,7.215548,-20.784452,0.000000000,enter x/y in compressor graph
N2,right,4,True,4,841.0000,93.0,-7.000000,0.000000,7.000000,-20.000000,0.000000000,enter x/y in compressor graph
N2,right,4,True,5,841.0000,110.0,10.000000,0.000000,-10.000000,-20.000000,0.000000000,enter x/y in compressor graph
N2,right,5,True,1,1414.0000,10.0,-90.000000,-73.923221,16.076779,-93.923221,0.000000000,enter x/y in compressor graph
N2,right,5,True,2,1414.0000,32.0,-68.000000,-51.923221,16.076779,-71.923221,0.000000000,enter x/y in compressor graph
N2,right,5,True,3,1414.0000,93.0,-7.000000,-0.191877,6.808123,-20.191877,0.000000000,enter x/y in compressor graph
N2,right,5,True,4,1414.0000,94.0,-6.000000,0.000000,6.000000,-20.000000,0.000000000,enter x/y in compressor graph
N2,right,5,True,5,1414.0000,110.0,10.000000,0.000000,-10.000000,-20.000000,0.000000000,enter x/y in compressor graph
N2,right,6,True,1,2378.0000,10.0,-90.000000,-68.244769,21.755231,-88.244769,0.000000000,enter x/y in compressor graph
N2,right,6,True,2,2378.0000,26.0,-74.000000,-52.244769,21.755231,-72.244769,0.000000000,enter x/y in compressor graph
N2,right,6,True,3,2378.0000,89.0,-11.000000,-0.742401,10.257599,-20.742401,0.000000000,enter x/y in compressor graph
N2,right,6,True,4,2378.0000,90.0,-10.000000,0.000000,10.000000,-20.000000,0.000000000,enter x/y in compressor graph
N2,right,6,True,5,2378.0000,110.0,10.000000,0.000000,-10.000000,-20.000000,0.000000000,enter x/y in compressor graph
N2,right,7,True,1,4000.0000,10.0,-90.000000,-61.826834,28.173166,-81.826834,0.000000000,enter x/y in compressor graph
N2,right,7,True,2,4000.0000,23.0,-77.000000,-48.826834,28.173166,-68.826834,0.000000000,enter x/y in compressor graph
N2,right,7,True,3,4000.0000,93.0,-7.000000,-0.489583,6.510417,-20.489583,0.000000000,enter x/y in compressor graph
N2,right,7,True,4,4000.0000,94.0,-6.000000,0.000000,6.000000,-20.000000,0.000000000,enter x/y in compressor graph
N2,right,7,True,5,4000.0000,110.0,10.000000,0.000000,-10.000000,-20.000000,0.000000000,enter x/y in compressor graph
N2,right,8,True,1,6727.0000,10.0,-90.000000,-48.403088,41.596912,-68.403088,0.000000000,enter x/y in compressor graph
N2,right,8,True,2,6727.0000,22.0,-78.000000,-36.403088,41.596912,-56.403088,0.000000000,enter x/y in compressor graph
N2,right,8,True,3,6727.0000,85.0,-15.000000,-14.850457,0.149543,-34.850457,0.000000000,enter x/y in compressor graph
N2,right,8,True,4,6727.0000,86.0,-14.000000,-14.000000,0.000000,-34.000000,0.000000000,enter x/y in compressor graph
N2,right,8,True,5,6727.0000,100.0,0.000000,0.000000,0.000000,-20.000000,0.000000000,enter x/y in compressor graph
N2,right,8,True,6,6727.0000,110.0,10.000000,0.000000,-10.000000,-20.000000,0.000000000,enter x/y in compressor graph
N2,right,9,False,1,11314.0000,10.0,-90.000000,-90.000000,0.000000,-110.000000,0.000000000,bypass compressor; global headroom still applies
N2,right,9,False,2,11314.0000,110.0,10.000000,10.000000,0.000000,-10.000000,0.000000000,bypass compressor; global headroom still applies
N3,left,1,True,1,177.0000,10.0,-90.000000,-70.371844,19.628156,-90.371844,0.000000000,enter x/y in compressor graph
N3,left,1,True,2,177.0000,38.0,-62.000000,-42.371844,19.628156,-62.371844,0.000000000,enter x/y in compressor graph
N3,left,1,True,3,177.0000,68.0,-32.000000,-31.387028,0.612972,-51.387028,0.000000000,enter x/y in compressor graph
N3,left,1,True,4,177.0000,69.0,-31.000000,-31.000000,0.000000,-51.000000,0.000000000,enter x/y in compressor graph
N3,left,1,True,5,177.0000,100.0,0.000000,0.000000,0.000000,-20.000000,0.000000000,enter x/y in compressor graph
N3,left,1,True,6,177.0000,110.0,10.000000,0.000000,-10.000000,-20.000000,0.000000000,enter x/y in compressor graph
N3,left,2,True,1,297.0000,10.0,-90.000000,-73.770504,16.229496,-93.770504,0.000000000,enter x/y in compressor graph
N3,left,2,True,2,297.0000,38.0,-62.000000,-45.770504,16.229496,-65.770504,0.000000000,enter x/y in compressor graph
N3,left,2,True,3,297.0000,75.0,-25.000000,-24.810202,0.189798,-44.810202,0.000000000,enter x/y in compressor graph
N3,left,2,True,4,297.0000,76.0,-24.000000,-24.000000,0.000000,-44.000000,0.000000000,enter x/y in compressor graph
N3,left,2,True,5,297.0000,100.0,0.000000,0.000000,0.000000,-20.000000,0.000000000,enter x/y in compressor graph
N3,left,2,True,6,297.0000,110.0,10.000000,0.000000,-10.000000,-20.000000,0.000000000,enter x/y in compressor graph
N3,left,3,True,1,500.0000,10.0,-90.000000,-75.881017,14.118983,-95.881017,0.000000000,enter x/y in compressor graph
N3,left,3,True,2,500.0000,36.0,-64.000000,-49.881017,14.118983,-69.881017,0.000000000,enter x/y in compressor graph
N3,left,3,True,3,500.0000,99.0,-1.000000,-0.686315,0.313685,-20.686315,0.000000000,enter x/y in compressor graph
N3,left,3,True,4,500.0000,100.0,0.000000,0.000000,0.000000,-20.000000,0.000000000,enter x/y in compressor graph
N3,left,3,True,5,500.0000,110.0,10.000000,0.000000,-10.000000,-20.000000,0.000000000,enter x/y in compressor graph
N3,left,4,True,1,841.0000,10.0,-90.000000,-72.191133,17.808867,-92.191133,0.000000000,enter x/y in compressor graph
N3,left,4,True,2,841.0000,37.0,-63.000000,-45.191133,17.808867,-65.191133,0.000000000,enter x/y in compressor graph
N3,left,4,True,3,841.0000,93.0,-7.000000,-0.225895,6.774105,-20.225895,0.000000000,enter x/y in compressor graph
N3,left,4,True,4,841.0000,94.0,-6.000000,0.000000,6.000000,-20.000000,0.000000000,enter x/y in compressor graph
N3,left,4,True,5,841.0000,110.0,10.000000,0.000000,-10.000000,-20.000000,0.000000000,enter x/y in compressor graph
N3,left,5,True,1,1414.0000,10.0,-90.000000,-62.831753,27.168247,-82.831753,0.000000000,enter x/y in compressor graph
N3,left,5,True,2,1414.0000,32.0,-68.000000,-40.831753,27.168247,-60.831753,0.000000000,enter x/y in compressor graph
N3,left,5,True,3,1414.0000,95.0,-5.000000,-0.335878,4.664122,-20.335878,0.000000000,enter x/y in compressor graph
N3,left,5,True,4,1414.0000,96.0,-4.000000,0.000000,4.000000,-20.000000,0.000000000,enter x/y in compressor graph
N3,left,5,True,5,1414.0000,110.0,10.000000,0.000000,-10.000000,-20.000000,0.000000000,enter x/y in compressor graph
N3,left,6,True,1,2378.0000,10.0,-90.000000,-56.788333,33.211667,-76.788333,0.000000000,enter x/y in compressor graph
N3,left,6,True,2,2378.0000,26.0,-74.000000,-40.788333,33.211667,-60.788333,0.000000000,enter x/y in compressor graph
N3,left,6,True,3,2378.0000,92.0,-8.000000,-0.380839,7.619161,-20.380839,0.000000000,enter x/y in compressor graph
N3,left,6,True,4,2378.0000,93.0,-7.000000,0.000000,7.000000,-20.000000,0.000000000,enter x/y in compressor graph
N3,left,6,True,5,2378.0000,110.0,10.000000,0.000000,-10.000000,-20.000000,0.000000000,enter x/y in compressor graph
N3,left,7,True,1,4000.0000,10.0,-90.000000,-50.266999,39.733001,-70.266999,0.000000000,enter x/y in compressor graph
N3,left,7,True,2,4000.0000,23.0,-77.000000,-37.266999,39.733001,-57.266999,0.000000000,enter x/y in compressor graph
N3,left,7,True,3,4000.0000,99.0,-1.000000,-0.386554,0.613446,-20.386554,0.000000000,enter x/y in compressor graph
N3,left,7,True,4,4000.0000,100.0,0.000000,0.000000,0.000000,-20.000000,0.000000000,enter x/y in compressor graph
N3,left,7,True,5,4000.0000,110.0,10.000000,0.000000,-10.000000,-20.000000,0.000000000,enter x/y in compressor graph
N3,left,8,True,1,6727.0000,10.0,-90.000000,-33.403088,56.596912,-53.403088,0.000000000,enter x/y in compressor graph
N3,left,8,True,2,6727.0000,22.0,-78.000000,-21.403088,56.596912,-41.403088,0.000000000,enter x/y in compressor graph
N3,left,8,True,3,6727.0000,84.0,-16.000000,-0.192562,15.807438,-20.192562,0.000000000,enter x/y in compressor graph
N3,left,8,True,4,6727.0000,85.0,-15.000000,0.000000,15.000000,-20.000000,0.000000000,enter x/y in compressor graph
N3,left,8,True,5,6727.0000,110.0,10.000000,0.000000,-10.000000,-20.000000,0.000000000,enter x/y in compressor graph
N3,left,9,False,1,11314.0000,10.0,-90.000000,-90.000000,0.000000,-110.000000,0.000000000,bypass compressor; global headroom still applies
N3,left,9,False,2,11314.0000,110.0,10.000000,10.000000,0.000000,-10.000000,0.000000000,bypass compressor; global headroom still applies
N3,right,1,True,1,177.0000,10.0,-90.000000,-70.371844,19.628156,-90.371844,0.000000000,enter x/y in compressor graph
N3,right,1,True,2,177.0000,38.0,-62.000000,-42.371844,19.628156,-62.371844,0.000000000,enter x/y in compressor graph
N3,right,1,True,3,177.0000,68.0,-32.000000,-31.387028,0.612972,-51.387028,0.000000000,enter x/y in compressor graph
N3,right,1,True,4,177.0000,69.0,-31.000000,-31.000000,0.000000,-51.000000,0.000000000,enter x/y in compressor graph
N3,right,1,True,5,177.0000,100.0,0.000000,0.000000,0.000000,-20.000000,0.000000000,enter x/y in compressor graph
N3,right,1,True,6,177.0000,110.0,10.000000,0.000000,-10.000000,-20.000000,0.000000000,enter x/y in compressor graph
N3,right,2,True,1,297.0000,10.0,-90.000000,-73.770504,16.229496,-93.770504,0.000000000,enter x/y in compressor graph
N3,right,2,True,2,297.0000,38.0,-62.000000,-45.770504,16.229496,-65.770504,0.000000000,enter x/y in compressor graph
N3,right,2,True,3,297.0000,75.0,-25.000000,-24.810202,0.189798,-44.810202,0.000000000,enter x/y in compressor graph
N3,right,2,True,4,297.0000,76.0,-24.000000,-24.000000,0.000000,-44.000000,0.000000000,enter x/y in compressor graph
N3,right,2,True,5,297.0000,100.0,0.000000,0.000000,0.000000,-20.000000,0.000000000,enter x/y in compressor graph
N3,right,2,True,6,297.0000,110.0,10.000000,0.000000,-10.000000,-20.000000,0.000000000,enter x/y in compressor graph
N3,right,3,True,1,500.0000,10.0,-90.000000,-75.881017,14.118983,-95.881017,0.000000000,enter x/y in compressor graph
N3,right,3,True,2,500.0000,36.0,-64.000000,-49.881017,14.118983,-69.881017,0.000000000,enter x/y in compressor graph
N3,right,3,True,3,500.0000,99.0,-1.000000,-0.686315,0.313685,-20.686315,0.000000000,enter x/y in compressor graph
N3,right,3,True,4,500.0000,100.0,0.000000,0.000000,0.000000,-20.000000,0.000000000,enter x/y in compressor graph
N3,right,3,True,5,500.0000,110.0,10.000000,0.000000,-10.000000,-20.000000,0.000000000,enter x/y in compressor graph
N3,right,4,True,1,841.0000,10.0,-90.000000,-72.191133,17.808867,-92.191133,0.000000000,enter x/y in compressor graph
N3,right,4,True,2,841.0000,37.0,-63.000000,-45.191133,17.808867,-65.191133,0.000000000,enter x/y in compressor graph
N3,right,4,True,3,841.0000,93.0,-7.000000,-0.225895,6.774105,-20.225895,0.000000000,enter x/y in compressor graph
N3,right,4,True,4,841.0000,94.0,-6.000000,0.000000,6.000000,-20.000000,0.000000000,enter x/y in compressor graph
N3,right,4,True,5,841.0000,110.0,10.000000,0.000000,-10.000000,-20.000000,0.000000000,enter x/y in compressor graph
N3,right,5,True,1,1414.0000,10.0,-90.000000,-62.831753,27.168247,-82.831753,0.000000000,enter x/y in compressor graph
N3,right,5,True,2,1414.0000,32.0,-68.000000,-40.831753,27.168247,-60.831753,0.000000000,enter x/y in compressor graph
N3,right,5,True,3,1414.0000,95.0,-5.000000,-0.335878,4.664122,-20.335878,0.000000000,enter x/y in compressor graph
N3,right,5,True,4,1414.0000,96.0,-4.000000,0.000000,4.000000,-20.000000,0.000000000,enter x/y in compressor graph
N3,right,5,True,5,1414.0000,110.0,10.000000,0.000000,-10.000000,-20.000000,0.000000000,enter x/y in compressor graph
N3,right,6,True,1,2378.0000,10.0,-90.000000,-56.788333,33.211667,-76.788333,0.000000000,enter x/y in compressor graph
N3,right,6,True,2,2378.0000,26.0,-74.000000,-40.788333,33.211667,-60.788333,0.000000000,enter x/y in compressor graph
N3,right,6,True,3,2378.0000,92.0,-8.000000,-0.380839,7.619161,-20.380839,0.000000000,enter x/y in compressor graph
N3,right,6,True,4,2378.0000,93.0,-7.000000,0.000000,7.000000,-20.000000,0.000000000,enter x/y in compressor graph
N3,right,6,True,5,2378.0000,110.0,10.000000,0.000000,-10.000000,-20.000000,0.000000000,enter x/y in compressor graph
N3,right,7,True,1,4000.0000,10.0,-90.000000,-50.266999,39.733001,-70.266999,0.000000000,enter x/y in compressor graph
N3,right,7,True,2,4000.0000,23.0,-77.000000,-37.266999,39.733001,-57.266999,0.000000000,enter x/y in compressor graph
N3,right,7,True,3,4000.0000,99.0,-1.000000,-0.386554,0.613446,-20.386554,0.000000000,enter x/y in compressor graph
N3,right,7,True,4,4000.0000,100.0,0.000000,0.000000,0.000000,-20.000000,0.000000000,enter x/y in compressor graph
N3,right,7,True,5,4000.0000,110.0,10.000000,0.000000,-10.000000,-20.000000,0.000000000,enter x/y in compressor graph
N3,right,8,True,1,6727.0000,10.0,-90.000000,-33.403088,56.596912,-53.403088,0.000000000,enter x/y in compressor graph
N3,right,8,True,2,6727.0000,22.0,-78.000000,-21.403088,56.596912,-41.403088,0.000000000,enter x/y in compressor graph
N3,right,8,True,3,6727.0000,84.0,-16.000000,-0.192562,15.807438,-20.192562,0.000000000,enter x/y in compressor graph
N3,right,8,True,4,6727.0000,85.0,-15.000000,0.000000,15.000000,-20.000000,0.000000000,enter x/y in compressor graph
N3,right,8,True,5,6727.0000,110.0,10.000000,0.000000,-10.000000,-20.000000,0.000000000,enter x/y in compressor graph
N3,right,9,False,1,11314.0000,10.0,-90.000000,-90.000000,0.000000,-110.000000,0.000000000,bypass compressor; global headroom still applies
N3,right,9,False,2,11314.0000,110.0,10.000000,10.000000,0.000000,-10.000000,0.000000000,bypass compressor; global headroom still applies
N4,left,1,True,1,177.0000,10.0,-90.000000,-50.780187,39.219813,-70.780187,0.000000000,enter x/y in compressor graph
N4,left,1,True,2,177.0000,38.0,-62.000000,-22.780187,39.219813,-42.780187,0.000000000,enter x/y in compressor graph
N4,left,1,True,3,177.0000,97.0,-3.000000,-2.595977,0.404023,-22.595977,0.000000000,enter x/y in compressor graph
N4,left,1,True,4,177.0000,98.0,-2.000000,-2.000000,0.000000,-22.000000,0.000000000,enter x/y in compressor graph
N4,left,1,True,5,177.0000,100.0,0.000000,0.000000,0.000000,-20.000000,0.000000000,enter x/y in compressor graph
N4,left,1,True,6,177.0000,110.0,10.000000,0.000000,-10.000000,-20.000000,0.000000000,enter x/y in compressor graph
N4,left,2,True,1,297.0000,10.0,-90.000000,-57.673732,32.326268,-77.673732,0.000000000,enter x/y in compressor graph
N4,left,2,True,2,297.0000,38.0,-62.000000,-29.673732,32.326268,-49.673732,0.000000000,enter x/y in compressor graph
N4,left,2,True,3,297.0000,87.0,-13.000000,-12.910575,0.089425,-32.910575,0.000000000,enter x/y in compressor graph
N4,left,2,True,4,297.0000,88.0,-12.000000,-12.000000,0.000000,-32.000000,0.000000000,enter x/y in compressor graph
N4,left,2,True,5,297.0000,100.0,0.000000,0.000000,0.000000,-20.000000,0.000000000,enter x/y in compressor graph
N4,left,2,True,6,297.0000,110.0,10.000000,0.000000,-10.000000,-20.000000,0.000000000,enter x/y in compressor graph
N4,left,3,True,1,500.0000,10.0,-90.000000,-59.637882,30.362118,-79.637882,0.000000000,enter x/y in compressor graph
N4,left,3,True,2,500.0000,36.0,-64.000000,-33.637882,30.362118,-53.637882,0.000000000,enter x/y in compressor graph
N4,left,3,True,3,500.0000,97.0,-3.000000,-2.699653,0.300347,-22.699653,0.000000000,enter x/y in compressor graph
N4,left,3,True,4,500.0000,98.0,-2.000000,-2.000000,0.000000,-22.000000,0.000000000,enter x/y in compressor graph
N4,left,3,True,5,500.0000,100.0,0.000000,0.000000,0.000000,-20.000000,0.000000000,enter x/y in compressor graph
N4,left,3,True,6,500.0000,110.0,10.000000,0.000000,-10.000000,-20.000000,0.000000000,enter x/y in compressor graph
N4,left,4,True,1,841.0000,10.0,-90.000000,-58.962662,31.037338,-78.962662,0.000000000,enter x/y in compressor graph
N4,left,4,True,2,841.0000,37.0,-63.000000,-31.962662,31.037338,-51.962662,0.000000000,enter x/y in compressor graph
N4,left,4,True,3,841.0000,94.0,-6.000000,-0.241988,5.758012,-20.241988,0.000000000,enter x/y in compressor graph
N4,left,4,True,4,841.0000,95.0,-5.000000,0.000000,5.000000,-20.000000,0.000000000,enter x/y in compressor graph
N4,left,4,True,5,841.0000,110.0,10.000000,0.000000,-10.000000,-20.000000,0.000000000,enter x/y in compressor graph
N4,left,5,True,1,1414.0000,10.0,-90.000000,-51.740285,38.259715,-71.740285,0.000000000,enter x/y in compressor graph
N4,left,5,True,2,1414.0000,32.0,-68.000000,-29.740285,38.259715,-49.740285,0.000000000,enter x/y in compressor graph
N4,left,5,True,3,1414.0000,99.0,-1.000000,-0.425875,0.574125,-20.425875,0.000000000,enter x/y in compressor graph
N4,left,5,True,4,1414.0000,100.0,0.000000,0.000000,0.000000,-20.000000,0.000000000,enter x/y in compressor graph
N4,left,5,True,5,1414.0000,110.0,10.000000,0.000000,-10.000000,-20.000000,0.000000000,enter x/y in compressor graph
N4,left,6,True,1,2378.0000,10.0,-90.000000,-45.331898,44.668102,-65.331898,0.000000000,enter x/y in compressor graph
N4,left,6,True,2,2378.0000,26.0,-74.000000,-29.331898,44.668102,-49.331898,0.000000000,enter x/y in compressor graph
N4,left,6,True,3,2378.0000,98.0,-2.000000,-0.029942,1.970058,-20.029942,0.000000000,enter x/y in compressor graph
N4,left,6,True,4,2378.0000,99.0,-1.000000,0.000000,1.000000,-20.000000,0.000000000,enter x/y in compressor graph
N4,left,6,True,5,2378.0000,110.0,10.000000,0.000000,-10.000000,-20.000000,0.000000000,enter x/y in compressor graph
N4,left,7,True,1,4000.0000,10.0,-90.000000,-37.666392,52.333608,-57.666392,0.000000000,enter x/y in compressor graph
N4,left,7,True,2,4000.0000,23.0,-77.000000,-24.666392,52.333608,-44.666392,0.000000000,enter x/y in compressor graph
N4,left,7,True,3,4000.0000,95.0,-5.000000,-0.034813,4.965187,-20.034813,0.000000000,enter x/y in compressor graph
N4,left,7,True,4,4000.0000,96.0,-4.000000,0.000000,4.000000,-20.000000,0.000000000,enter x/y in compressor graph
N4,left,7,True,5,4000.0000,110.0,10.000000,0.000000,-10.000000,-20.000000,0.000000000,enter x/y in compressor graph
N4,left,8,True,1,6727.0000,10.0,-90.000000,-18.403088,71.596912,-38.403088,0.000000000,enter x/y in compressor graph
N4,left,8,True,2,6727.0000,22.0,-78.000000,-6.403088,71.596912,-26.403088,0.000000000,enter x/y in compressor graph
N4,left,8,True,3,6727.0000,40.0,-60.000000,-0.245193,59.754807,-20.245193,0.000000000,enter x/y in compressor graph
N4,left,8,True,4,6727.0000,41.0,-59.000000,0.000000,59.000000,-20.000000,0.000000000,enter x/y in compressor graph
N4,left,8,True,5,6727.0000,110.0,10.000000,0.000000,-10.000000,-20.000000,0.000000000,enter x/y in compressor graph
N4,left,9,False,1,11314.0000,10.0,-90.000000,-90.000000,0.000000,-110.000000,0.000000000,bypass compressor; global headroom still applies
N4,left,9,False,2,11314.0000,110.0,10.000000,10.000000,0.000000,-10.000000,0.000000000,bypass compressor; global headroom still applies
N4,right,1,True,1,177.0000,10.0,-90.000000,-50.780187,39.219813,-70.780187,0.000000000,enter x/y in compressor graph
N4,right,1,True,2,177.0000,38.0,-62.000000,-22.780187,39.219813,-42.780187,0.000000000,enter x/y in compressor graph
N4,right,1,True,3,177.0000,97.0,-3.000000,-2.595977,0.404023,-22.595977,0.000000000,enter x/y in compressor graph
N4,right,1,True,4,177.0000,98.0,-2.000000,-2.000000,0.000000,-22.000000,0.000000000,enter x/y in compressor graph
N4,right,1,True,5,177.0000,100.0,0.000000,0.000000,0.000000,-20.000000,0.000000000,enter x/y in compressor graph
N4,right,1,True,6,177.0000,110.0,10.000000,0.000000,-10.000000,-20.000000,0.000000000,enter x/y in compressor graph
N4,right,2,True,1,297.0000,10.0,-90.000000,-57.673732,32.326268,-77.673732,0.000000000,enter x/y in compressor graph
N4,right,2,True,2,297.0000,38.0,-62.000000,-29.673732,32.326268,-49.673732,0.000000000,enter x/y in compressor graph
N4,right,2,True,3,297.0000,87.0,-13.000000,-12.910575,0.089425,-32.910575,0.000000000,enter x/y in compressor graph
N4,right,2,True,4,297.0000,88.0,-12.000000,-12.000000,0.000000,-32.000000,0.000000000,enter x/y in compressor graph
N4,right,2,True,5,297.0000,100.0,0.000000,0.000000,0.000000,-20.000000,0.000000000,enter x/y in compressor graph
N4,right,2,True,6,297.0000,110.0,10.000000,0.000000,-10.000000,-20.000000,0.000000000,enter x/y in compressor graph
N4,right,3,True,1,500.0000,10.0,-90.000000,-59.637882,30.362118,-79.637882,0.000000000,enter x/y in compressor graph
N4,right,3,True,2,500.0000,36.0,-64.000000,-33.637882,30.362118,-53.637882,0.000000000,enter x/y in compressor graph
N4,right,3,True,3,500.0000,97.0,-3.000000,-2.699653,0.300347,-22.699653,0.000000000,enter x/y in compressor graph
N4,right,3,True,4,500.0000,98.0,-2.000000,-2.000000,0.000000,-22.000000,0.000000000,enter x/y in compressor graph
N4,right,3,True,5,500.0000,100.0,0.000000,0.000000,0.000000,-20.000000,0.000000000,enter x/y in compressor graph
N4,right,3,True,6,500.0000,110.0,10.000000,0.000000,-10.000000,-20.000000,0.000000000,enter x/y in compressor graph
N4,right,4,True,1,841.0000,10.0,-90.000000,-58.962662,31.037338,-78.962662,0.000000000,enter x/y in compressor graph
N4,right,4,True,2,841.0000,37.0,-63.000000,-31.962662,31.037338,-51.962662,0.000000000,enter x/y in compressor graph
N4,right,4,True,3,841.0000,94.0,-6.000000,-0.241988,5.758012,-20.241988,0.000000000,enter x/y in compressor graph
N4,right,4,True,4,841.0000,95.0,-5.000000,0.000000,5.000000,-20.000000,0.000000000,enter x/y in compressor graph
N4,right,4,True,5,841.0000,110.0,10.000000,0.000000,-10.000000,-20.000000,0.000000000,enter x/y in compressor graph
N4,right,5,True,1,1414.0000,10.0,-90.000000,-51.740285,38.259715,-71.740285,0.000000000,enter x/y in compressor graph
N4,right,5,True,2,1414.0000,32.0,-68.000000,-29.740285,38.259715,-49.740285,0.000000000,enter x/y in compressor graph
N4,right,5,True,3,1414.0000,99.0,-1.000000,-0.425875,0.574125,-20.425875,0.000000000,enter x/y in compressor graph
N4,right,5,True,4,1414.0000,100.0,0.000000,0.000000,0.000000,-20.000000,0.000000000,enter x/y in compressor graph
N4,right,5,True,5,1414.0000,110.0,10.000000,0.000000,-10.000000,-20.000000,0.000000000,enter x/y in compressor graph
N4,right,6,True,1,2378.0000,10.0,-90.000000,-45.331898,44.668102,-65.331898,0.000000000,enter x/y in compressor graph
N4,right,6,True,2,2378.0000,26.0,-74.000000,-29.331898,44.668102,-49.331898,0.000000000,enter x/y in compressor graph
N4,right,6,True,3,2378.0000,98.0,-2.000000,-0.029942,1.970058,-20.029942,0.000000000,enter x/y in compressor graph
N4,right,6,True,4,2378.0000,99.0,-1.000000,0.000000,1.000000,-20.000000,0.000000000,enter x/y in compressor graph
N4,right,6,True,5,2378.0000,110.0,10.000000,0.000000,-10.000000,-20.000000,0.000000000,enter x/y in compressor graph
N4,right,7,True,1,4000.0000,10.0,-90.000000,-37.666392,52.333608,-57.666392,0.000000000,enter x/y in compressor graph
N4,right,7,True,2,4000.0000,23.0,-77.000000,-24.666392,52.333608,-44.666392,0.000000000,enter x/y in compressor graph
N4,right,7,True,3,4000.0000,95.0,-5.000000,-0.034813,4.965187,-20.034813,0.000000000,enter x/y in compressor graph
N4,right,7,True,4,4000.0000,96.0,-4.000000,0.000000,4.000000,-20.000000,0.000000000,enter x/y in compressor graph
N4,right,7,True,5,4000.0000,110.0,10.000000,0.000000,-10.000000,-20.000000,0.000000000,enter x/y in compressor graph
N4,right,8,True,1,6727.0000,10.0,-90.000000,-18.403088,71.596912,-38.403088,0.000000000,enter x/y in compressor graph
N4,right,8,True,2,6727.0000,22.0,-78.000000,-6.403088,71.596912,-26.403088,0.000000000,enter x/y in compressor graph
N4,right,8,True,3,6727.0000,40.0,-60.000000,-0.245193,59.754807,-20.245193,0.000000000,enter x/y in compressor graph
N4,right,8,True,4,6727.0000,41.0,-59.000000,0.000000,59.000000,-20.000000,0.000000000,enter x/y in compressor graph
N4,right,8,True,5,6727.0000,110.0,10.000000,0.000000,-10.000000,-20.000000,0.000000000,enter x/y in compressor graph
N4,right,9,False,1,11314.0000,10.0,-90.000000,-90.000000,0.000000,-110.000000,0.000000000,bypass compressor; global headroom still applies
N4,right,9,False,2,11314.0000,110.0,10.000000,10.000000,0.000000,-10.000000,0.000000000,bypass compressor; global headroom still applies
N5,left,1,True,1,177.0000,10.0,-90.000000,-40.780187,49.219813,-60.780187,0.000000000,enter x/y in compressor graph
N5,left,1,True,2,177.0000,38.0,-62.000000,-12.780187,49.219813,-32.780187,0.000000000,enter x/y in compressor graph
N5,left,1,True,3,177.0000,75.0,-25.000000,-0.122293,24.877707,-20.122293,0.000000000,enter x/y in compressor graph
N5,left,1,True,4,177.0000,76.0,-24.000000,0.000000,24.000000,-20.000000,0.000000000,enter x/y in compressor graph
N5,left,1,True,5,177.0000,110.0,10.000000,0.000000,-10.000000,-20.000000,0.000000000,enter x/y in compressor graph
N5,left,2,True,1,297.0000,10.0,-90.000000,-46.611550,43.388450,-66.611550,0.000000000,enter x/y in compressor graph
N5,left,2,True,2,297.0000,38.0,-62.000000,-18.611550,43.388450,-38.611550,0.000000000,enter x/y in compressor graph
N5,left,2,True,3,297.0000,92.0,-8.000000,-0.137865,7.862135,-20.137865,0.000000000,enter x/y in compressor graph
N5,left,2,True,4,297.0000,93.0,-7.000000,0.000000,7.000000,-20.000000,0.000000000,enter x/y in compressor graph
N5,left,2,True,5,297.0000,110.0,10.000000,0.000000,-10.000000,-20.000000,0.000000000,enter x/y in compressor graph
N5,left,3,True,1,500.0000,10.0,-90.000000,-46.903919,43.096081,-66.903919,0.000000000,enter x/y in compressor graph
N5,left,3,True,2,500.0000,36.0,-64.000000,-20.903919,43.096081,-40.903919,0.000000000,enter x/y in compressor graph
N5,left,3,True,3,500.0000,97.0,-3.000000,-0.035498,2.964502,-20.035498,0.000000000,enter x/y in compressor graph
N5,left,3,True,4,500.0000,98.0,-2.000000,0.000000,2.000000,-20.000000,0.000000000,enter x/y in compressor graph
N5,left,3,True,5,500.0000,110.0,10.000000,0.000000,-10.000000,-20.000000,0.000000000,enter x/y in compressor graph
N5,left,4,True,1,841.0000,10.0,-90.000000,-44.626865,45.373135,-64.626865,0.000000000,enter x/y in compressor graph
N5,left,4,True,2,841.0000,37.0,-63.000000,-17.626865,45.373135,-37.626865,0.000000000,enter x/y in compressor graph
N5,left,4,True,3,841.0000,88.0,-12.000000,-0.179497,11.820503,-20.179497,0.000000000,enter x/y in compressor graph
N5,left,4,True,4,841.0000,89.0,-11.000000,0.000000,11.000000,-20.000000,0.000000000,enter x/y in compressor graph
N5,left,4,True,5,841.0000,110.0,10.000000,0.000000,-10.000000,-20.000000,0.000000000,enter x/y in compressor graph
N5,left,5,True,1,1414.0000,10.0,-90.000000,-33.557293,56.442707,-53.557293,0.000000000,enter x/y in compressor graph
N5,left,5,True,2,1414.0000,32.0,-68.000000,-11.557293,56.442707,-31.557293,0.000000000,enter x/y in compressor graph
N5,left,5,True,3,1414.0000,65.0,-35.000000,-0.267819,34.732181,-20.267819,0.000000000,enter x/y in compressor graph
N5,left,5,True,4,1414.0000,66.0,-34.000000,0.000000,34.000000,-20.000000,0.000000000,enter x/y in compressor graph
N5,left,5,True,5,1414.0000,110.0,10.000000,0.000000,-10.000000,-20.000000,0.000000000,enter x/y in compressor graph
N5,left,6,True,1,2378.0000,10.0,-90.000000,-33.586460,56.413540,-53.586460,0.000000000,enter x/y in compressor graph
N5,left,6,True,2,2378.0000,26.0,-74.000000,-17.586460,56.413540,-37.586460,0.000000000,enter x/y in compressor graph
N5,left,6,True,3,2378.0000,77.0,-23.000000,-0.139091,22.860909,-20.139091,0.000000000,enter x/y in compressor graph
N5,left,6,True,4,2378.0000,78.0,-22.000000,0.000000,22.000000,-20.000000,0.000000000,enter x/y in compressor graph
N5,left,6,True,5,2378.0000,110.0,10.000000,0.000000,-10.000000,-20.000000,0.000000000,enter x/y in compressor graph
N5,left,7,True,1,4000.0000,10.0,-90.000000,-32.666392,57.333608,-52.666392,0.000000000,enter x/y in compressor graph
N5,left,7,True,2,4000.0000,23.0,-77.000000,-19.666392,57.333608,-39.666392,0.000000000,enter x/y in compressor graph
N5,left,7,True,3,4000.0000,80.0,-20.000000,-0.166392,19.833608,-20.166392,0.000000000,enter x/y in compressor graph
N5,left,7,True,4,4000.0000,81.0,-19.000000,0.000000,19.000000,-20.000000,0.000000000,enter x/y in compressor graph
N5,left,7,True,5,4000.0000,110.0,10.000000,0.000000,-10.000000,-20.000000,0.000000000,enter x/y in compressor graph
N5,left,8,True,1,6727.0000,10.0,-90.000000,-18.403088,71.596912,-38.403088,0.000000000,enter x/y in compressor graph
N5,left,8,True,2,6727.0000,22.0,-78.000000,-6.403088,71.596912,-26.403088,0.000000000,enter x/y in compressor graph
N5,left,8,True,3,6727.0000,40.0,-60.000000,-0.245193,59.754807,-20.245193,0.000000000,enter x/y in compressor graph
N5,left,8,True,4,6727.0000,41.0,-59.000000,0.000000,59.000000,-20.000000,0.000000000,enter x/y in compressor graph
N5,left,8,True,5,6727.0000,110.0,10.000000,0.000000,-10.000000,-20.000000,0.000000000,enter x/y in compressor graph
N5,left,9,False,1,11314.0000,10.0,-90.000000,-90.000000,0.000000,-110.000000,0.000000000,bypass compressor; global headroom still applies
N5,left,9,False,2,11314.0000,110.0,10.000000,10.000000,0.000000,-10.000000,0.000000000,bypass compressor; global headroom still applies
N5,right,1,True,1,177.0000,10.0,-90.000000,-40.780187,49.219813,-60.780187,0.000000000,enter x/y in compressor graph
N5,right,1,True,2,177.0000,38.0,-62.000000,-12.780187,49.219813,-32.780187,0.000000000,enter x/y in compressor graph
N5,right,1,True,3,177.0000,75.0,-25.000000,-0.122293,24.877707,-20.122293,0.000000000,enter x/y in compressor graph
N5,right,1,True,4,177.0000,76.0,-24.000000,0.000000,24.000000,-20.000000,0.000000000,enter x/y in compressor graph
N5,right,1,True,5,177.0000,110.0,10.000000,0.000000,-10.000000,-20.000000,0.000000000,enter x/y in compressor graph
N5,right,2,True,1,297.0000,10.0,-90.000000,-46.611550,43.388450,-66.611550,0.000000000,enter x/y in compressor graph
N5,right,2,True,2,297.0000,38.0,-62.000000,-18.611550,43.388450,-38.611550,0.000000000,enter x/y in compressor graph
N5,right,2,True,3,297.0000,92.0,-8.000000,-0.137865,7.862135,-20.137865,0.000000000,enter x/y in compressor graph
N5,right,2,True,4,297.0000,93.0,-7.000000,0.000000,7.000000,-20.000000,0.000000000,enter x/y in compressor graph
N5,right,2,True,5,297.0000,110.0,10.000000,0.000000,-10.000000,-20.000000,0.000000000,enter x/y in compressor graph
N5,right,3,True,1,500.0000,10.0,-90.000000,-46.903919,43.096081,-66.903919,0.000000000,enter x/y in compressor graph
N5,right,3,True,2,500.0000,36.0,-64.000000,-20.903919,43.096081,-40.903919,0.000000000,enter x/y in compressor graph
N5,right,3,True,3,500.0000,97.0,-3.000000,-0.035498,2.964502,-20.035498,0.000000000,enter x/y in compressor graph
N5,right,3,True,4,500.0000,98.0,-2.000000,0.000000,2.000000,-20.000000,0.000000000,enter x/y in compressor graph
N5,right,3,True,5,500.0000,110.0,10.000000,0.000000,-10.000000,-20.000000,0.000000000,enter x/y in compressor graph
N5,right,4,True,1,841.0000,10.0,-90.000000,-44.626865,45.373135,-64.626865,0.000000000,enter x/y in compressor graph
N5,right,4,True,2,841.0000,37.0,-63.000000,-17.626865,45.373135,-37.626865,0.000000000,enter x/y in compressor graph
N5,right,4,True,3,841.0000,88.0,-12.000000,-0.179497,11.820503,-20.179497,0.000000000,enter x/y in compressor graph
N5,right,4,True,4,841.0000,89.0,-11.000000,0.000000,11.000000,-20.000000,0.000000000,enter x/y in compressor graph
N5,right,4,True,5,841.0000,110.0,10.000000,0.000000,-10.000000,-20.000000,0.000000000,enter x/y in compressor graph
N5,right,5,True,1,1414.0000,10.0,-90.000000,-33.557293,56.442707,-53.557293,0.000000000,enter x/y in compressor graph
N5,right,5,True,2,1414.0000,32.0,-68.000000,-11.557293,56.442707,-31.557293,0.000000000,enter x/y in compressor graph
N5,right,5,True,3,1414.0000,65.0,-35.000000,-0.267819,34.732181,-20.267819,0.000000000,enter x/y in compressor graph
N5,right,5,True,4,1414.0000,66.0,-34.000000,0.000000,34.000000,-20.000000,0.000000000,enter x/y in compressor graph
N5,right,5,True,5,1414.0000,110.0,10.000000,0.000000,-10.000000,-20.000000,0.000000000,enter x/y in compressor graph
N5,right,6,True,1,2378.0000,10.0,-90.000000,-33.586460,56.413540,-53.586460,0.000000000,enter x/y in compressor graph
N5,right,6,True,2,2378.0000,26.0,-74.000000,-17.586460,56.413540,-37.586460,0.000000000,enter x/y in compressor graph
N5,right,6,True,3,2378.0000,77.0,-23.000000,-0.139091,22.860909,-20.139091,0.000000000,enter x/y in compressor graph
N5,right,6,True,4,2378.0000,78.0,-22.000000,0.000000,22.000000,-20.000000,0.000000000,enter x/y in compressor graph
N5,right,6,True,5,2378.0000,110.0,10.000000,0.000000,-10.000000,-20.000000,0.000000000,enter x/y in compressor graph
N5,right,7,True,1,4000.0000,10.0,-90.000000,-32.666392,57.333608,-52.666392,0.000000000,enter x/y in compressor graph
N5,right,7,True,2,4000.0000,23.0,-77.000000,-19.666392,57.333608,-39.666392,0.000000000,enter x/y in compressor graph
N5,right,7,True,3,4000.0000,80.0,-20.000000,-0.166392,19.833608,-20.166392,0.000000000,enter x/y in compressor graph
N5,right,7,True,4,4000.0000,81.0,-19.000000,0.000000,19.000000,-20.000000,0.000000000,enter x/y in compressor graph
N5,right,7,True,5,4000.0000,110.0,10.000000,0.000000,-10.000000,-20.000000,0.000000000,enter x/y in compressor graph
N5,right,8,True,1,6727.0000,10.0,-90.000000,-18.403088,71.596912,-38.403088,0.000000000,enter x/y in compressor graph
N5,right,8,True,2,6727.0000,22.0,-78.000000,-6.403088,71.596912,-26.403088,0.000000000,enter x/y in compressor graph
N5,right,8,True,3,6727.0000,40.0,-60.000000,-0.245193,59.754807,-20.245193,0.000000000,enter x/y in compressor graph
N5,right,8,True,4,6727.0000,41.0,-59.000000,0.000000,59.000000,-20.000000,0.000000000,enter x/y in compressor graph
N5,right,8,True,5,6727.0000,110.0,10.000000,0.000000,-10.000000,-20.000000,0.000000000,enter x/y in compressor graph
N5,right,9,False,1,11314.0000,10.0,-90.000000,-90.000000,0.000000,-110.000000,0.000000000,bypass compressor; global headroom still applies
N5,right,9,False,2,11314.0000,110.0,10.000000,10.000000,0.000000,-10.000000,0.000000000,bypass compressor; global headroom still applies
N6,left,1,True,1,177.0000,10.0,-90.000000,-30.780187,59.219813,-50.780187,0.000000000,enter x/y in compressor graph
N6,left,1,True,2,177.0000,38.0,-62.000000,-2.780187,59.219813,-22.780187,0.000000000,enter x/y in compressor graph
N6,left,1,True,3,177.0000,46.0,-54.000000,-0.043345,53.956655,-20.043345,0.000000000,enter x/y in compressor graph
N6,left,1,True,4,177.0000,47.0,-53.000000,0.000000,53.000000,-20.000000,0.000000000,enter x/y in compressor graph
N6,left,1,True,5,177.0000,110.0,10.000000,0.000000,-10.000000,-20.000000,0.000000000,enter x/y in compressor graph
N6,left,2,True,1,297.0000,10.0,-90.000000,-36.611550,53.388450,-56.611550,0.000000000,enter x/y in compressor graph
N6,left,2,True,2,297.0000,38.0,-62.000000,-8.611550,53.388450,-28.611550,0.000000000,enter x/y in compressor graph
N6,left,2,True,3,297.0000,63.0,-37.000000,-0.058918,36.941082,-20.058918,0.000000000,enter x/y in compressor graph
N6,left,2,True,4,297.0000,64.0,-36.000000,0.000000,36.000000,-20.000000,0.000000000,enter x/y in compressor graph
N6,left,2,True,5,297.0000,110.0,10.000000,0.000000,-10.000000,-20.000000,0.000000000,enter x/y in compressor graph
N6,left,3,True,1,500.0000,10.0,-90.000000,-36.903919,53.096081,-56.903919,0.000000000,enter x/y in compressor graph
N6,left,3,True,2,500.0000,36.0,-64.000000,-10.903919,53.096081,-30.903919,0.000000000,enter x/y in compressor graph
N6,left,3,True,3,500.0000,67.0,-33.000000,-0.298656,32.701344,-20.298656,0.000000000,enter x/y in compressor graph
N6,left,3,True,4,500.0000,68.0,-32.000000,0.000000,32.000000,-20.000000,0.000000000,enter x/y in compressor graph
N6,left,3,True,5,500.0000,110.0,10.000000,0.000000,-10.000000,-20.000000,0.000000000,enter x/y in compressor graph
N6,left,4,True,1,841.0000,10.0,-90.000000,-34.626865,55.373135,-54.626865,0.000000000,enter x/y in compressor graph
N6,left,4,True,2,841.0000,37.0,-63.000000,-7.626865,55.373135,-27.626865,0.000000000,enter x/y in compressor graph
N6,left,4,True,3,841.0000,59.0,-41.000000,-0.100550,40.899450,-20.100550,0.000000000,enter x/y in compressor graph
N6,left,4,True,4,841.0000,60.0,-40.000000,0.000000,40.000000,-20.000000,0.000000000,enter x/y in compressor graph
N6,left,4,True,5,841.0000,110.0,10.000000,0.000000,-10.000000,-20.000000,0.000000000,enter x/y in compressor graph
N6,left,5,True,1,1414.0000,10.0,-90.000000,-23.557293,66.442707,-43.557293,0.000000000,enter x/y in compressor graph
N6,left,5,True,2,1414.0000,32.0,-68.000000,-1.557293,66.442707,-21.557293,0.000000000,enter x/y in compressor graph
N6,left,5,True,3,1414.0000,36.0,-64.000000,-0.188872,63.811128,-20.188872,0.000000000,enter x/y in compressor graph
N6,left,5,True,4,1414.0000,37.0,-63.000000,0.000000,63.000000,-20.000000,0.000000000,enter x/y in compressor graph
N6,left,5,True,5,1414.0000,110.0,10.000000,0.000000,-10.000000,-20.000000,0.000000000,enter x/y in compressor graph
N6,left,6,True,1,2378.0000,10.0,-90.000000,-21.451719,68.548281,-41.451719,0.000000000,enter x/y in compressor graph
N6,left,6,True,2,2378.0000,26.0,-74.000000,-5.451719,68.548281,-25.451719,0.000000000,enter x/y in compressor graph
N6,left,6,True,3,2378.0000,41.0,-59.000000,-0.320140,58.679860,-20.320140,0.000000000,enter x/y in compressor graph
N6,left,6,True,4,2378.0000,42.0,-58.000000,0.000000,58.000000,-20.000000,0.000000000,enter x/y in compressor graph
N6,left,6,True,5,2378.0000,110.0,10.000000,0.000000,-10.000000,-20.000000,0.000000000,enter x/y in compressor graph
N6,left,7,True,1,4000.0000,10.0,-90.000000,-13.000000,77.000000,-33.000000,0.000000000,enter x/y in compressor graph
N6,left,7,True,2,4000.0000,23.0,-77.000000,0.000000,77.000000,-20.000000,0.000000000,enter x/y in compressor graph
N6,left,7,True,3,4000.0000,110.0,10.000000,0.000000,-10.000000,-20.000000,0.000000000,enter x/y in compressor graph
N6,left,8,True,1,6727.0000,10.0,-90.000000,-12.000000,78.000000,-32.000000,0.000000000,enter x/y in compressor graph
N6,left,8,True,2,6727.0000,22.0,-78.000000,0.000000,78.000000,-20.000000,0.000000000,enter x/y in compressor graph
N6,left,8,True,3,6727.0000,110.0,10.000000,0.000000,-10.000000,-20.000000,0.000000000,enter x/y in compressor graph
N6,left,9,False,1,11314.0000,10.0,-90.000000,-90.000000,0.000000,-110.000000,0.000000000,bypass compressor; global headroom still applies
N6,left,9,False,2,11314.0000,110.0,10.000000,10.000000,0.000000,-10.000000,0.000000000,bypass compressor; global headroom still applies
N6,right,1,True,1,177.0000,10.0,-90.000000,-30.780187,59.219813,-50.780187,0.000000000,enter x/y in compressor graph
N6,right,1,True,2,177.0000,38.0,-62.000000,-2.780187,59.219813,-22.780187,0.000000000,enter x/y in compressor graph
N6,right,1,True,3,177.0000,46.0,-54.000000,-0.043345,53.956655,-20.043345,0.000000000,enter x/y in compressor graph
N6,right,1,True,4,177.0000,47.0,-53.000000,0.000000,53.000000,-20.000000,0.000000000,enter x/y in compressor graph
N6,right,1,True,5,177.0000,110.0,10.000000,0.000000,-10.000000,-20.000000,0.000000000,enter x/y in compressor graph
N6,right,2,True,1,297.0000,10.0,-90.000000,-36.611550,53.388450,-56.611550,0.000000000,enter x/y in compressor graph
N6,right,2,True,2,297.0000,38.0,-62.000000,-8.611550,53.388450,-28.611550,0.000000000,enter x/y in compressor graph
N6,right,2,True,3,297.0000,63.0,-37.000000,-0.058918,36.941082,-20.058918,0.000000000,enter x/y in compressor graph
N6,right,2,True,4,297.0000,64.0,-36.000000,0.000000,36.000000,-20.000000,0.000000000,enter x/y in compressor graph
N6,right,2,True,5,297.0000,110.0,10.000000,0.000000,-10.000000,-20.000000,0.000000000,enter x/y in compressor graph
N6,right,3,True,1,500.0000,10.0,-90.000000,-36.903919,53.096081,-56.903919,0.000000000,enter x/y in compressor graph
N6,right,3,True,2,500.0000,36.0,-64.000000,-10.903919,53.096081,-30.903919,0.000000000,enter x/y in compressor graph
N6,right,3,True,3,500.0000,67.0,-33.000000,-0.298656,32.701344,-20.298656,0.000000000,enter x/y in compressor graph
N6,right,3,True,4,500.0000,68.0,-32.000000,0.000000,32.000000,-20.000000,0.000000000,enter x/y in compressor graph
N6,right,3,True,5,500.0000,110.0,10.000000,0.000000,-10.000000,-20.000000,0.000000000,enter x/y in compressor graph
N6,right,4,True,1,841.0000,10.0,-90.000000,-34.626865,55.373135,-54.626865,0.000000000,enter x/y in compressor graph
N6,right,4,True,2,841.0000,37.0,-63.000000,-7.626865,55.373135,-27.626865,0.000000000,enter x/y in compressor graph
N6,right,4,True,3,841.0000,59.0,-41.000000,-0.100550,40.899450,-20.100550,0.000000000,enter x/y in compressor graph
N6,right,4,True,4,841.0000,60.0,-40.000000,0.000000,40.000000,-20.000000,0.000000000,enter x/y in compressor graph
N6,right,4,True,5,841.0000,110.0,10.000000,0.000000,-10.000000,-20.000000,0.000000000,enter x/y in compressor graph
N6,right,5,True,1,1414.0000,10.0,-90.000000,-23.557293,66.442707,-43.557293,0.000000000,enter x/y in compressor graph
N6,right,5,True,2,1414.0000,32.0,-68.000000,-1.557293,66.442707,-21.557293,0.000000000,enter x/y in compressor graph
N6,right,5,True,3,1414.0000,36.0,-64.000000,-0.188872,63.811128,-20.188872,0.000000000,enter x/y in compressor graph
N6,right,5,True,4,1414.0000,37.0,-63.000000,0.000000,63.000000,-20.000000,0.000000000,enter x/y in compressor graph
N6,right,5,True,5,1414.0000,110.0,10.000000,0.000000,-10.000000,-20.000000,0.000000000,enter x/y in compressor graph
N6,right,6,True,1,2378.0000,10.0,-90.000000,-21.451719,68.548281,-41.451719,0.000000000,enter x/y in compressor graph
N6,right,6,True,2,2378.0000,26.0,-74.000000,-5.451719,68.548281,-25.451719,0.000000000,enter x/y in compressor graph
N6,right,6,True,3,2378.0000,41.0,-59.000000,-0.320140,58.679860,-20.320140,0.000000000,enter x/y in compressor graph
N6,right,6,True,4,2378.0000,42.0,-58.000000,0.000000,58.000000,-20.000000,0.000000000,enter x/y in compressor graph
N6,right,6,True,5,2378.0000,110.0,10.000000,0.000000,-10.000000,-20.000000,0.000000000,enter x/y in compressor graph
N6,right,7,True,1,4000.0000,10.0,-90.000000,-13.000000,77.000000,-33.000000,0.000000000,enter x/y in compressor graph
N6,right,7,True,2,4000.0000,23.0,-77.000000,0.000000,77.000000,-20.000000,0.000000000,enter x/y in compressor graph
N6,right,7,True,3,4000.0000,110.0,10.000000,0.000000,-10.000000,-20.000000,0.000000000,enter x/y in compressor graph
N6,right,8,True,1,6727.0000,10.0,-90.000000,-12.000000,78.000000,-32.000000,0.000000000,enter x/y in compressor graph
N6,right,8,True,2,6727.0000,22.0,-78.000000,0.000000,78.000000,-20.000000,0.000000000,enter x/y in compressor graph
N6,right,8,True,3,6727.0000,110.0,10.000000,0.000000,-10.000000,-20.000000,0.000000000,enter x/y in compressor graph
N6,right,9,False,1,11314.0000,10.0,-90.000000,-90.000000,0.000000,-110.000000,0.000000000,bypass compressor; global headroom still applies
N6,right,9,False,2,11314.0000,110.0,10.000000,10.000000,0.000000,-10.000000,0.000000000,bypass compressor; global headroom still applies
N7,left,1,True,1,177.0000,10.0,-90.000000,-28.000000,62.000000,-48.000000,0.000000000,enter x/y in compressor graph
N7,left,1,True,2,177.0000,38.0,-62.000000,0.000000,62.000000,-20.000000,0.000000000,enter x/y in compressor graph
N7,left,1,True,3,177.0000,110.0,10.000000,0.000000,-10.000000,-20.000000,0.000000000,enter x/y in compressor graph
N7,left,2,True,1,297.0000,10.0,-90.000000,-28.000000,62.000000,-48.000000,0.000000000,enter x/y in compressor graph
N7,left,2,True,2,297.0000,38.0,-62.000000,0.000000,62.000000,-20.000000,0.000000000,enter x/y in compressor graph
N7,left,2,True,3,297.0000,110.0,10.000000,0.000000,-10.000000,-20.000000,0.000000000,enter x/y in compressor graph
N7,left,3,True,1,500.0000,10.0,-90.000000,-26.000000,64.000000,-46.000000,0.000000000,enter x/y in compressor graph
N7,left,3,True,2,500.0000,36.0,-64.000000,0.000000,64.000000,-20.000000,0.000000000,enter x/y in compressor graph
N7,left,3,True,3,500.0000,110.0,10.000000,0.000000,-10.000000,-20.000000,0.000000000,enter x/y in compressor graph
N7,left,4,True,1,841.0000,10.0,-90.000000,-27.000000,63.000000,-47.000000,0.000000000,enter x/y in compressor graph
N7,left,4,True,2,841.0000,37.0,-63.000000,0.000000,63.000000,-20.000000,0.000000000,enter x/y in compressor graph
N7,left,4,True,3,841.0000,110.0,10.000000,0.000000,-10.000000,-20.000000,0.000000000,enter x/y in compressor graph
N7,left,5,True,1,1414.0000,10.0,-90.000000,-22.000000,68.000000,-42.000000,0.000000000,enter x/y in compressor graph
N7,left,5,True,2,1414.0000,32.0,-68.000000,0.000000,68.000000,-20.000000,0.000000000,enter x/y in compressor graph
N7,left,5,True,3,1414.0000,110.0,10.000000,0.000000,-10.000000,-20.000000,0.000000000,enter x/y in compressor graph
N7,left,6,True,1,2378.0000,10.0,-90.000000,-16.000000,74.000000,-36.000000,0.000000000,enter x/y in compressor graph
N7,left,6,True,2,2378.0000,26.0,-74.000000,0.000000,74.000000,-20.000000,0.000000000,enter x/y in compressor graph
N7,left,6,True,3,2378.0000,110.0,10.000000,0.000000,-10.000000,-20.000000,0.000000000,enter x/y in compressor graph
N7,left,7,True,1,4000.0000,10.0,-90.000000,-13.000000,77.000000,-33.000000,0.000000000,enter x/y in compressor graph
N7,left,7,True,2,4000.0000,23.0,-77.000000,0.000000,77.000000,-20.000000,0.000000000,enter x/y in compressor graph
N7,left,7,True,3,4000.0000,110.0,10.000000,0.000000,-10.000000,-20.000000,0.000000000,enter x/y in compressor graph
N7,left,8,True,1,6727.0000,10.0,-90.000000,-12.000000,78.000000,-32.000000,0.000000000,enter x/y in compressor graph
N7,left,8,True,2,6727.0000,22.0,-78.000000,0.000000,78.000000,-20.000000,0.000000000,enter x/y in compressor graph
N7,left,8,True,3,6727.0000,110.0,10.000000,0.000000,-10.000000,-20.000000,0.000000000,enter x/y in compressor graph
N7,left,9,False,1,11314.0000,10.0,-90.000000,-90.000000,0.000000,-110.000000,0.000000000,bypass compressor; global headroom still applies
N7,left,9,False,2,11314.0000,110.0,10.000000,10.000000,0.000000,-10.000000,0.000000000,bypass compressor; global headroom still applies
N7,right,1,True,1,177.0000,10.0,-90.000000,-28.000000,62.000000,-48.000000,0.000000000,enter x/y in compressor graph
N7,right,1,True,2,177.0000,38.0,-62.000000,0.000000,62.000000,-20.000000,0.000000000,enter x/y in compressor graph
N7,right,1,True,3,177.0000,110.0,10.000000,0.000000,-10.000000,-20.000000,0.000000000,enter x/y in compressor graph
N7,right,2,True,1,297.0000,10.0,-90.000000,-28.000000,62.000000,-48.000000,0.000000000,enter x/y in compressor graph
N7,right,2,True,2,297.0000,38.0,-62.000000,0.000000,62.000000,-20.000000,0.000000000,enter x/y in compressor graph
N7,right,2,True,3,297.0000,110.0,10.000000,0.000000,-10.000000,-20.000000,0.000000000,enter x/y in compressor graph
N7,right,3,True,1,500.0000,10.0,-90.000000,-26.000000,64.000000,-46.000000,0.000000000,enter x/y in compressor graph
N7,right,3,True,2,500.0000,36.0,-64.000000,0.000000,64.000000,-20.000000,0.000000000,enter x/y in compressor graph
N7,right,3,True,3,500.0000,110.0,10.000000,0.000000,-10.000000,-20.000000,0.000000000,enter x/y in compressor graph
N7,right,4,True,1,841.0000,10.0,-90.000000,-27.000000,63.000000,-47.000000,0.000000000,enter x/y in compressor graph
N7,right,4,True,2,841.0000,37.0,-63.000000,0.000000,63.000000,-20.000000,0.000000000,enter x/y in compressor graph
N7,right,4,True,3,841.0000,110.0,10.000000,0.000000,-10.000000,-20.000000,0.000000000,enter x/y in compressor graph
N7,right,5,True,1,1414.0000,10.0,-90.000000,-22.000000,68.000000,-42.000000,0.000000000,enter x/y in compressor graph
N7,right,5,True,2,1414.0000,32.0,-68.000000,0.000000,68.000000,-20.000000,0.000000000,enter x/y in compressor graph
N7,right,5,True,3,1414.0000,110.0,10.000000,0.000000,-10.000000,-20.000000,0.000000000,enter x/y in compressor graph
N7,right,6,True,1,2378.0000,10.0,-90.000000,-16.000000,74.000000,-36.000000,0.000000000,enter x/y in compressor graph
N7,right,6,True,2,2378.0000,26.0,-74.000000,0.000000,74.000000,-20.000000,0.000000000,enter x/y in compressor graph
N7,right,6,True,3,2378.0000,110.0,10.000000,0.000000,-10.000000,-20.000000,0.000000000,enter x/y in compressor graph
N7,right,7,True,1,4000.0000,10.0,-90.000000,-13.000000,77.000000,-33.000000,0.000000000,enter x/y in compressor graph
N7,right,7,True,2,4000.0000,23.0,-77.000000,0.000000,77.000000,-20.000000,0.000000000,enter x/y in compressor graph
N7,right,7,True,3,4000.0000,110.0,10.000000,0.000000,-10.000000,-20.000000,0.000000000,enter x/y in compressor graph
N7,right,8,True,1,6727.0000,10.0,-90.000000,-12.000000,78.000000,-32.000000,0.000000000,enter x/y in compressor graph
N7,right,8,True,2,6727.0000,22.0,-78.000000,0.000000,78.000000,-20.000000,0.000000000,enter x/y in compressor graph
N7,right,8,True,3,6727.0000,110.0,10.000000,0.000000,-10.000000,-20.000000,0.000000000,enter x/y in compressor graph
N7,right,9,False,1,11314.0000,10.0,-90.000000,-90.000000,0.000000,-110.000000,0.000000000,bypass compressor; global headroom still applies
N7,right,9,False,2,11314.0000,110.0,10.000000,10.000000,0.000000,-10.000000,0.000000000,bypass compressor; global headroom still applies
S1,left,1,True,1,177.0000,10.0,-90.000000,-87.019062,2.980938,-107.019062,0.003427497,enter x/y in compressor graph
S1,left,1,True,2,177.0000,38.0,-62.000000,-59.019062,2.980938,-79.019062,0.003427497,enter x/y in compressor graph
S1,left,1,True,3,177.0000,59.0,-41.000000,-40.996487,0.003513,-60.996487,0.003427497,enter x/y in compressor graph
S1,left,1,True,4,177.0000,100.0,0.000000,0.000000,0.000000,-20.000000,0.003427497,enter x/y in compressor graph
S1,left,1,True,5,177.0000,110.0,10.000000,0.000000,-10.000000,-20.000000,0.003427497,enter x/y in compressor graph
S1,left,2,True,1,297.0000,10.0,-90.000000,-90.000000,0.000000,-110.000000,0.000000000,enter x/y in compressor graph
S1,left,2,True,2,297.0000,100.0,0.000000,0.000000,0.000000,-20.000000,0.000000000,enter x/y in compressor graph
S1,left,2,True,3,297.0000,110.0,10.000000,0.000000,-10.000000,-20.000000,0.000000000,enter x/y in compressor graph
S1,left,3,True,1,500.0000,10.0,-90.000000,-90.000000,0.000000,-110.000000,0.000000000,enter x/y in compressor graph
S1,left,3,True,2,500.0000,100.0,0.000000,0.000000,0.000000,-20.000000,0.000000000,enter x/y in compressor graph
S1,left,3,True,3,500.0000,110.0,10.000000,0.000000,-10.000000,-20.000000,0.000000000,enter x/y in compressor graph
S1,left,4,True,1,841.0000,10.0,-90.000000,-90.000000,0.000000,-110.000000,0.000000000,enter x/y in compressor graph
S1,left,4,True,2,841.0000,100.0,0.000000,0.000000,0.000000,-20.000000,0.000000000,enter x/y in compressor graph
S1,left,4,True,3,841.0000,110.0,10.000000,0.000000,-10.000000,-20.000000,0.000000000,enter x/y in compressor graph
S1,left,5,True,1,1414.0000,10.0,-90.000000,-90.000000,0.000000,-110.000000,0.000000000,enter x/y in compressor graph
S1,left,5,True,2,1414.0000,100.0,0.000000,0.000000,0.000000,-20.000000,0.000000000,enter x/y in compressor graph
S1,left,5,True,3,1414.0000,110.0,10.000000,0.000000,-10.000000,-20.000000,0.000000000,enter x/y in compressor graph
S1,left,6,True,1,2378.0000,10.0,-90.000000,-80.824659,9.175341,-100.824659,0.000000000,enter x/y in compressor graph
S1,left,6,True,2,2378.0000,90.0,-10.000000,-0.824659,9.175341,-20.824659,0.000000000,enter x/y in compressor graph
S1,left,6,True,3,2378.0000,91.0,-9.000000,0.000000,9.000000,-20.000000,0.000000000,enter x/y in compressor graph
S1,left,6,True,4,2378.0000,110.0,10.000000,0.000000,-10.000000,-20.000000,0.000000000,enter x/y in compressor graph
S1,left,7,True,1,4000.0000,10.0,-90.000000,-54.120278,35.879722,-74.120278,0.000000000,enter x/y in compressor graph
S1,left,7,True,2,4000.0000,23.0,-77.000000,-41.120278,35.879722,-61.120278,0.000000000,enter x/y in compressor graph
S1,left,7,True,3,4000.0000,97.0,-3.000000,-0.147213,2.852787,-20.147213,0.000000000,enter x/y in compressor graph
S1,left,7,True,4,4000.0000,98.0,-2.000000,0.000000,2.000000,-20.000000,0.000000000,enter x/y in compressor graph
S1,left,7,True,5,4000.0000,110.0,10.000000,0.000000,-10.000000,-20.000000,0.000000000,enter x/y in compressor graph
S1,left,8,True,1,6727.0000,10.0,-90.000000,-28.403088,61.596912,-48.403088,0.000000000,enter x/y in compressor graph
S1,left,8,True,2,6727.0000,22.0,-78.000000,-16.403088,61.596912,-36.403088,0.000000000,enter x/y in compressor graph
S1,left,8,True,3,6727.0000,69.0,-31.000000,-0.324141,30.675859,-20.324141,0.000000000,enter x/y in compressor graph
S1,left,8,True,4,6727.0000,70.0,-30.000000,0.000000,30.000000,-20.000000,0.000000000,enter x/y in compressor graph
S1,left,8,True,5,6727.0000,110.0,10.000000,0.000000,-10.000000,-20.000000,0.000000000,enter x/y in compressor graph
S1,left,9,False,1,11314.0000,10.0,-90.000000,-90.000000,0.000000,-110.000000,0.000000000,bypass compressor; global headroom still applies
S1,left,9,False,2,11314.0000,110.0,10.000000,10.000000,0.000000,-10.000000,0.000000000,bypass compressor; global headroom still applies
S1,right,1,True,1,177.0000,10.0,-90.000000,-87.019062,2.980938,-107.019062,0.003427497,enter x/y in compressor graph
S1,right,1,True,2,177.0000,38.0,-62.000000,-59.019062,2.980938,-79.019062,0.003427497,enter x/y in compressor graph
S1,right,1,True,3,177.0000,59.0,-41.000000,-40.996487,0.003513,-60.996487,0.003427497,enter x/y in compressor graph
S1,right,1,True,4,177.0000,100.0,0.000000,0.000000,0.000000,-20.000000,0.003427497,enter x/y in compressor graph
S1,right,1,True,5,177.0000,110.0,10.000000,0.000000,-10.000000,-20.000000,0.003427497,enter x/y in compressor graph
S1,right,2,True,1,297.0000,10.0,-90.000000,-90.000000,0.000000,-110.000000,0.000000000,enter x/y in compressor graph
S1,right,2,True,2,297.0000,100.0,0.000000,0.000000,0.000000,-20.000000,0.000000000,enter x/y in compressor graph
S1,right,2,True,3,297.0000,110.0,10.000000,0.000000,-10.000000,-20.000000,0.000000000,enter x/y in compressor graph
S1,right,3,True,1,500.0000,10.0,-90.000000,-90.000000,0.000000,-110.000000,0.000000000,enter x/y in compressor graph
S1,right,3,True,2,500.0000,100.0,0.000000,0.000000,0.000000,-20.000000,0.000000000,enter x/y in compressor graph
S1,right,3,True,3,500.0000,110.0,10.000000,0.000000,-10.000000,-20.000000,0.000000000,enter x/y in compressor graph
S1,right,4,True,1,841.0000,10.0,-90.000000,-90.000000,0.000000,-110.000000,0.000000000,enter x/y in compressor graph
S1,right,4,True,2,841.0000,100.0,0.000000,0.000000,0.000000,-20.000000,0.000000000,enter x/y in compressor graph
S1,right,4,True,3,841.0000,110.0,10.000000,0.000000,-10.000000,-20.000000,0.000000000,enter x/y in compressor graph
S1,right,5,True,1,1414.0000,10.0,-90.000000,-90.000000,0.000000,-110.000000,0.000000000,enter x/y in compressor graph
S1,right,5,True,2,1414.0000,100.0,0.000000,0.000000,0.000000,-20.000000,0.000000000,enter x/y in compressor graph
S1,right,5,True,3,1414.0000,110.0,10.000000,0.000000,-10.000000,-20.000000,0.000000000,enter x/y in compressor graph
S1,right,6,True,1,2378.0000,10.0,-90.000000,-80.824659,9.175341,-100.824659,0.000000000,enter x/y in compressor graph
S1,right,6,True,2,2378.0000,90.0,-10.000000,-0.824659,9.175341,-20.824659,0.000000000,enter x/y in compressor graph
S1,right,6,True,3,2378.0000,91.0,-9.000000,0.000000,9.000000,-20.000000,0.000000000,enter x/y in compressor graph
S1,right,6,True,4,2378.0000,110.0,10.000000,0.000000,-10.000000,-20.000000,0.000000000,enter x/y in compressor graph
S1,right,7,True,1,4000.0000,10.0,-90.000000,-54.120278,35.879722,-74.120278,0.000000000,enter x/y in compressor graph
S1,right,7,True,2,4000.0000,23.0,-77.000000,-41.120278,35.879722,-61.120278,0.000000000,enter x/y in compressor graph
S1,right,7,True,3,4000.0000,97.0,-3.000000,-0.147213,2.852787,-20.147213,0.000000000,enter x/y in compressor graph
S1,right,7,True,4,4000.0000,98.0,-2.000000,0.000000,2.000000,-20.000000,0.000000000,enter x/y in compressor graph
S1,right,7,True,5,4000.0000,110.0,10.000000,0.000000,-10.000000,-20.000000,0.000000000,enter x/y in compressor graph
S1,right,8,True,1,6727.0000,10.0,-90.000000,-28.403088,61.596912,-48.403088,0.000000000,enter x/y in compressor graph
S1,right,8,True,2,6727.0000,22.0,-78.000000,-16.403088,61.596912,-36.403088,0.000000000,enter x/y in compressor graph
S1,right,8,True,3,6727.0000,69.0,-31.000000,-0.324141,30.675859,-20.324141,0.000000000,enter x/y in compressor graph
S1,right,8,True,4,6727.0000,70.0,-30.000000,0.000000,30.000000,-20.000000,0.000000000,enter x/y in compressor graph
S1,right,8,True,5,6727.0000,110.0,10.000000,0.000000,-10.000000,-20.000000,0.000000000,enter x/y in compressor graph
S1,right,9,False,1,11314.0000,10.0,-90.000000,-90.000000,0.000000,-110.000000,0.000000000,bypass compressor; global headroom still applies
S1,right,9,False,2,11314.0000,110.0,10.000000,10.000000,0.000000,-10.000000,0.000000000,bypass compressor; global headroom still applies
S2,left,1,True,1,177.0000,10.0,-90.000000,-81.486225,8.513775,-101.486225,0.009789179,enter x/y in compressor graph
S2,left,1,True,2,177.0000,38.0,-62.000000,-53.486225,8.513775,-73.486225,0.009789179,enter x/y in compressor graph
S2,left,1,True,3,177.0000,59.0,-41.000000,-40.989966,0.010034,-60.989966,0.009789179,enter x/y in compressor graph
S2,left,1,True,4,177.0000,100.0,0.000000,0.000000,0.000000,-20.000000,0.009789179,enter x/y in compressor graph
S2,left,1,True,5,177.0000,110.0,10.000000,0.000000,-10.000000,-20.000000,0.009789179,enter x/y in compressor graph
S2,left,2,True,1,297.0000,10.0,-90.000000,-85.199974,4.800026,-105.199974,0.006770160,enter x/y in compressor graph
S2,left,2,True,2,297.0000,38.0,-62.000000,-57.199974,4.800026,-77.199974,0.006770160,enter x/y in compressor graph
S2,left,2,True,3,297.0000,59.0,-41.000000,-40.993061,0.006939,-60.993061,0.006770160,enter x/y in compressor graph
S2,left,2,True,4,297.0000,100.0,0.000000,0.000000,0.000000,-20.000000,0.006770160,enter x/y in compressor graph
S2,left,2,True,5,297.0000,110.0,10.000000,0.000000,-10.000000,-20.000000,0.006770160,enter x/y in compressor graph
S2,left,3,True,1,500.0000,10.0,-90.000000,-88.063369,1.936631,-108.063369,0.000000000,enter x/y in compressor graph
S2,left,3,True,2,500.0000,36.0,-64.000000,-62.063369,1.936631,-82.063369,0.000000000,enter x/y in compressor graph
S2,left,3,True,3,500.0000,98.0,-2.000000,-0.923219,1.076781,-20.923219,0.000000000,enter x/y in compressor graph
S2,left,3,True,4,500.0000,99.0,-1.000000,0.000000,1.000000,-20.000000,0.000000000,enter x/y in compressor graph
S2,left,3,True,5,500.0000,110.0,10.000000,0.000000,-10.000000,-20.000000,0.000000000,enter x/y in compressor graph
S2,left,4,True,1,841.0000,10.0,-90.000000,-82.103641,7.896359,-102.103641,0.000000000,enter x/y in compressor graph
S2,left,4,True,2,841.0000,37.0,-63.000000,-55.103641,7.896359,-75.103641,0.000000000,enter x/y in compressor graph
S2,left,4,True,3,841.0000,92.0,-8.000000,-0.784452,7.215548,-20.784452,0.000000000,enter x/y in compressor graph
S2,left,4,True,4,841.0000,93.0,-7.000000,0.000000,7.000000,-20.000000,0.000000000,enter x/y in compressor graph
S2,left,4,True,5,841.0000,110.0,10.000000,0.000000,-10.000000,-20.000000,0.000000000,enter x/y in compressor graph
S2,left,5,True,1,1414.0000,10.0,-90.000000,-70.764433,19.235567,-90.764433,0.000000000,enter x/y in compressor graph
S2,left,5,True,2,1414.0000,32.0,-68.000000,-48.764433,19.235567,-68.764433,0.000000000,enter x/y in compressor graph
S2,left,5,True,3,1414.0000,93.0,-7.000000,-0.599015,6.400985,-20.599015,0.000000000,enter x/y in compressor graph
S2,left,5,True,4,1414.0000,94.0,-6.000000,0.000000,6.000000,-20.000000,0.000000000,enter x/y in compressor graph
S2,left,5,True,5,1414.0000,110.0,10.000000,0.000000,-10.000000,-20.000000,0.000000000,enter x/y in compressor graph
S2,left,6,True,1,2378.0000,10.0,-90.000000,-48.078216,41.921784,-68.078216,0.000000000,enter x/y in compressor graph
S2,left,6,True,2,2378.0000,26.0,-74.000000,-32.078216,41.921784,-52.078216,0.000000000,enter x/y in compressor graph
S2,left,6,True,3,2378.0000,96.0,-4.000000,-0.145829,3.854171,-20.145829,0.000000000,enter x/y in compressor graph
S2,left,6,True,4,2378.0000,97.0,-3.000000,0.000000,3.000000,-20.000000,0.000000000,enter x/y in compressor graph
S2,left,6,True,5,2378.0000,110.0,10.000000,0.000000,-10.000000,-20.000000,0.000000000,enter x/y in compressor graph
S2,left,7,True,1,4000.0000,10.0,-90.000000,-17.666392,72.333608,-37.666392,0.000000000,enter x/y in compressor graph
S2,left,7,True,2,4000.0000,23.0,-77.000000,-4.666392,72.333608,-24.666392,0.000000000,enter x/y in compressor graph
S2,left,7,True,3,4000.0000,36.0,-64.000000,-0.219023,63.780977,-20.219023,0.000000000,enter x/y in compressor graph
S2,left,7,True,4,4000.0000,37.0,-63.000000,0.000000,63.000000,-20.000000,0.000000000,enter x/y in compressor graph
S2,left,7,True,5,4000.0000,110.0,10.000000,0.000000,-10.000000,-20.000000,0.000000000,enter x/y in compressor graph
S2,left,8,True,1,6727.0000,10.0,-90.000000,-12.000000,78.000000,-32.000000,0.000000000,enter x/y in compressor graph
S2,left,8,True,2,6727.0000,22.0,-78.000000,0.000000,78.000000,-20.000000,0.000000000,enter x/y in compressor graph
S2,left,8,True,3,6727.0000,110.0,10.000000,0.000000,-10.000000,-20.000000,0.000000000,enter x/y in compressor graph
S2,left,9,False,1,11314.0000,10.0,-90.000000,-90.000000,0.000000,-110.000000,0.000000000,bypass compressor; global headroom still applies
S2,left,9,False,2,11314.0000,110.0,10.000000,10.000000,0.000000,-10.000000,0.000000000,bypass compressor; global headroom still applies
S2,right,1,True,1,177.0000,10.0,-90.000000,-81.486225,8.513775,-101.486225,0.009789179,enter x/y in compressor graph
S2,right,1,True,2,177.0000,38.0,-62.000000,-53.486225,8.513775,-73.486225,0.009789179,enter x/y in compressor graph
S2,right,1,True,3,177.0000,59.0,-41.000000,-40.989966,0.010034,-60.989966,0.009789179,enter x/y in compressor graph
S2,right,1,True,4,177.0000,100.0,0.000000,0.000000,0.000000,-20.000000,0.009789179,enter x/y in compressor graph
S2,right,1,True,5,177.0000,110.0,10.000000,0.000000,-10.000000,-20.000000,0.009789179,enter x/y in compressor graph
S2,right,2,True,1,297.0000,10.0,-90.000000,-85.199974,4.800026,-105.199974,0.006770160,enter x/y in compressor graph
S2,right,2,True,2,297.0000,38.0,-62.000000,-57.199974,4.800026,-77.199974,0.006770160,enter x/y in compressor graph
S2,right,2,True,3,297.0000,59.0,-41.000000,-40.993061,0.006939,-60.993061,0.006770160,enter x/y in compressor graph
S2,right,2,True,4,297.0000,100.0,0.000000,0.000000,0.000000,-20.000000,0.006770160,enter x/y in compressor graph
S2,right,2,True,5,297.0000,110.0,10.000000,0.000000,-10.000000,-20.000000,0.006770160,enter x/y in compressor graph
S2,right,3,True,1,500.0000,10.0,-90.000000,-88.063369,1.936631,-108.063369,0.000000000,enter x/y in compressor graph
S2,right,3,True,2,500.0000,36.0,-64.000000,-62.063369,1.936631,-82.063369,0.000000000,enter x/y in compressor graph
S2,right,3,True,3,500.0000,98.0,-2.000000,-0.923219,1.076781,-20.923219,0.000000000,enter x/y in compressor graph
S2,right,3,True,4,500.0000,99.0,-1.000000,0.000000,1.000000,-20.000000,0.000000000,enter x/y in compressor graph
S2,right,3,True,5,500.0000,110.0,10.000000,0.000000,-10.000000,-20.000000,0.000000000,enter x/y in compressor graph
S2,right,4,True,1,841.0000,10.0,-90.000000,-82.103641,7.896359,-102.103641,0.000000000,enter x/y in compressor graph
S2,right,4,True,2,841.0000,37.0,-63.000000,-55.103641,7.896359,-75.103641,0.000000000,enter x/y in compressor graph
S2,right,4,True,3,841.0000,92.0,-8.000000,-0.784452,7.215548,-20.784452,0.000000000,enter x/y in compressor graph
S2,right,4,True,4,841.0000,93.0,-7.000000,0.000000,7.000000,-20.000000,0.000000000,enter x/y in compressor graph
S2,right,4,True,5,841.0000,110.0,10.000000,0.000000,-10.000000,-20.000000,0.000000000,enter x/y in compressor graph
S2,right,5,True,1,1414.0000,10.0,-90.000000,-70.764433,19.235567,-90.764433,0.000000000,enter x/y in compressor graph
S2,right,5,True,2,1414.0000,32.0,-68.000000,-48.764433,19.235567,-68.764433,0.000000000,enter x/y in compressor graph
S2,right,5,True,3,1414.0000,93.0,-7.000000,-0.599015,6.400985,-20.599015,0.000000000,enter x/y in compressor graph
S2,right,5,True,4,1414.0000,94.0,-6.000000,0.000000,6.000000,-20.000000,0.000000000,enter x/y in compressor graph
S2,right,5,True,5,1414.0000,110.0,10.000000,0.000000,-10.000000,-20.000000,0.000000000,enter x/y in compressor graph
S2,right,6,True,1,2378.0000,10.0,-90.000000,-48.078216,41.921784,-68.078216,0.000000000,enter x/y in compressor graph
S2,right,6,True,2,2378.0000,26.0,-74.000000,-32.078216,41.921784,-52.078216,0.000000000,enter x/y in compressor graph
S2,right,6,True,3,2378.0000,96.0,-4.000000,-0.145829,3.854171,-20.145829,0.000000000,enter x/y in compressor graph
S2,right,6,True,4,2378.0000,97.0,-3.000000,0.000000,3.000000,-20.000000,0.000000000,enter x/y in compressor graph
S2,right,6,True,5,2378.0000,110.0,10.000000,0.000000,-10.000000,-20.000000,0.000000000,enter x/y in compressor graph
S2,right,7,True,1,4000.0000,10.0,-90.000000,-17.666392,72.333608,-37.666392,0.000000000,enter x/y in compressor graph
S2,right,7,True,2,4000.0000,23.0,-77.000000,-4.666392,72.333608,-24.666392,0.000000000,enter x/y in compressor graph
S2,right,7,True,3,4000.0000,36.0,-64.000000,-0.219023,63.780977,-20.219023,0.000000000,enter x/y in compressor graph
S2,right,7,True,4,4000.0000,37.0,-63.000000,0.000000,63.000000,-20.000000,0.000000000,enter x/y in compressor graph
S2,right,7,True,5,4000.0000,110.0,10.000000,0.000000,-10.000000,-20.000000,0.000000000,enter x/y in compressor graph
S2,right,8,True,1,6727.0000,10.0,-90.000000,-12.000000,78.000000,-32.000000,0.000000000,enter x/y in compressor graph
S2,right,8,True,2,6727.0000,22.0,-78.000000,0.000000,78.000000,-20.000000,0.000000000,enter x/y in compressor graph
S2,right,8,True,3,6727.0000,110.0,10.000000,0.000000,-10.000000,-20.000000,0.000000000,enter x/y in compressor graph
S2,right,9,False,1,11314.0000,10.0,-90.000000,-90.000000,0.000000,-110.000000,0.000000000,bypass compressor; global headroom still applies
S2,right,9,False,2,11314.0000,110.0,10.000000,10.000000,0.000000,-10.000000,0.000000000,bypass compressor; global headroom still applies
S3,left,1,True,1,177.0000,10.0,-90.000000,-74.210382,15.789618,-94.210382,0.000000000,enter x/y in compressor graph
S3,left,1,True,2,177.0000,38.0,-62.000000,-46.210382,15.789618,-66.210382,0.000000000,enter x/y in compressor graph
S3,left,1,True,3,177.0000,65.0,-35.000000,-34.476679,0.523321,-54.476679,0.000000000,enter x/y in compressor graph
S3,left,1,True,4,177.0000,66.0,-34.000000,-34.000000,0.000000,-54.000000,0.000000000,enter x/y in compressor graph
S3,left,1,True,5,177.0000,100.0,0.000000,0.000000,0.000000,-20.000000,0.000000000,enter x/y in compressor graph
S3,left,1,True,6,177.0000,110.0,10.000000,0.000000,-10.000000,-20.000000,0.000000000,enter x/y in compressor graph
S3,left,2,True,1,297.0000,10.0,-90.000000,-77.580328,12.419672,-97.580328,0.006562973,enter x/y in compressor graph
S3,left,2,True,2,297.0000,38.0,-62.000000,-49.580328,12.419672,-69.580328,0.006562973,enter x/y in compressor graph
S3,left,2,True,3,297.0000,72.0,-28.000000,-27.993194,0.006806,-47.993194,0.006562973,enter x/y in compressor graph
S3,left,2,True,4,297.0000,100.0,0.000000,0.000000,0.000000,-20.000000,0.006562973,enter x/y in compressor graph
S3,left,2,True,5,297.0000,110.0,10.000000,0.000000,-10.000000,-20.000000,0.006562973,enter x/y in compressor graph
S3,left,3,True,1,500.0000,10.0,-90.000000,-75.881017,14.118983,-95.881017,0.000000000,enter x/y in compressor graph
S3,left,3,True,2,500.0000,36.0,-64.000000,-49.881017,14.118983,-69.881017,0.000000000,enter x/y in compressor graph
S3,left,3,True,3,500.0000,99.0,-1.000000,-0.686315,0.313685,-20.686315,0.000000000,enter x/y in compressor graph
S3,left,3,True,4,500.0000,100.0,0.000000,0.000000,0.000000,-20.000000,0.000000000,enter x/y in compressor graph
S3,left,3,True,5,500.0000,110.0,10.000000,0.000000,-10.000000,-20.000000,0.000000000,enter x/y in compressor graph
S3,left,4,True,1,841.0000,10.0,-90.000000,-60.816660,29.183340,-80.816660,0.000000000,enter x/y in compressor graph
S3,left,4,True,2,841.0000,37.0,-63.000000,-33.816660,29.183340,-53.816660,0.000000000,enter x/y in compressor graph
S3,left,4,True,3,841.0000,94.0,-6.000000,-0.127197,5.872803,-20.127197,0.000000000,enter x/y in compressor graph
S3,left,4,True,4,841.0000,95.0,-5.000000,0.000000,5.000000,-20.000000,0.000000000,enter x/y in compressor graph
S3,left,4,True,5,841.0000,110.0,10.000000,0.000000,-10.000000,-20.000000,0.000000000,enter x/y in compressor graph
S3,left,5,True,1,1414.0000,10.0,-90.000000,-44.285377,45.714623,-64.285377,0.000000000,enter x/y in compressor graph
S3,left,5,True,2,1414.0000,32.0,-68.000000,-22.285377,45.714623,-42.285377,0.000000000,enter x/y in compressor graph
S3,left,5,True,3,1414.0000,97.0,-3.000000,-0.048535,2.951465,-20.048535,0.000000000,enter x/y in compressor graph
S3,left,5,True,4,1414.0000,98.0,-2.000000,0.000000,2.000000,-20.000000,0.000000000,enter x/y in compressor graph
S3,left,5,True,5,1414.0000,110.0,10.000000,0.000000,-10.000000,-20.000000,0.000000000,enter x/y in compressor graph
S3,left,6,True,1,2378.0000,10.0,-90.000000,-36.451719,53.548281,-56.451719,0.000000000,enter x/y in compressor graph
S3,left,6,True,2,2378.0000,26.0,-74.000000,-20.451719,53.548281,-40.451719,0.000000000,enter x/y in compressor graph
S3,left,6,True,3,2378.0000,85.0,-15.000000,-0.267508,14.732492,-20.267508,0.000000000,enter x/y in compressor graph
S3,left,6,True,4,2378.0000,86.0,-14.000000,0.000000,14.000000,-20.000000,0.000000000,enter x/y in compressor graph
S3,left,6,True,5,2378.0000,110.0,10.000000,0.000000,-10.000000,-20.000000,0.000000000,enter x/y in compressor graph
S3,left,7,True,1,4000.0000,10.0,-90.000000,-32.666392,57.333608,-52.666392,0.000000000,enter x/y in compressor graph
S3,left,7,True,2,4000.0000,23.0,-77.000000,-19.666392,57.333608,-39.666392,0.000000000,enter x/y in compressor graph
S3,left,7,True,3,4000.0000,80.0,-20.000000,-0.166392,19.833608,-20.166392,0.000000000,enter x/y in compressor graph
S3,left,7,True,4,4000.0000,81.0,-19.000000,0.000000,19.000000,-20.000000,0.000000000,enter x/y in compressor graph
S3,left,7,True,5,4000.0000,110.0,10.000000,0.000000,-10.000000,-20.000000,0.000000000,enter x/y in compressor graph
S3,left,8,True,1,6727.0000,10.0,-90.000000,-13.403088,76.596912,-33.403088,0.000000000,enter x/y in compressor graph
S3,left,8,True,2,6727.0000,22.0,-78.000000,-1.403088,76.596912,-21.403088,0.000000000,enter x/y in compressor graph
S3,left,8,True,3,6727.0000,26.0,-74.000000,-0.034667,73.965333,-20.034667,0.000000000,enter x/y in compressor graph
S3,left,8,True,4,6727.0000,27.0,-73.000000,0.000000,73.000000,-20.000000,0.000000000,enter x/y in compressor graph
S3,left,8,True,5,6727.0000,110.0,10.000000,0.000000,-10.000000,-20.000000,0.000000000,enter x/y in compressor graph
S3,left,9,False,1,11314.0000,10.0,-90.000000,-90.000000,0.000000,-110.000000,0.000000000,bypass compressor; global headroom still applies
S3,left,9,False,2,11314.0000,110.0,10.000000,10.000000,0.000000,-10.000000,0.000000000,bypass compressor; global headroom still applies
S3,right,1,True,1,177.0000,10.0,-90.000000,-74.210382,15.789618,-94.210382,0.000000000,enter x/y in compressor graph
S3,right,1,True,2,177.0000,38.0,-62.000000,-46.210382,15.789618,-66.210382,0.000000000,enter x/y in compressor graph
S3,right,1,True,3,177.0000,65.0,-35.000000,-34.476679,0.523321,-54.476679,0.000000000,enter x/y in compressor graph
S3,right,1,True,4,177.0000,66.0,-34.000000,-34.000000,0.000000,-54.000000,0.000000000,enter x/y in compressor graph
S3,right,1,True,5,177.0000,100.0,0.000000,0.000000,0.000000,-20.000000,0.000000000,enter x/y in compressor graph
S3,right,1,True,6,177.0000,110.0,10.000000,0.000000,-10.000000,-20.000000,0.000000000,enter x/y in compressor graph
S3,right,2,True,1,297.0000,10.0,-90.000000,-77.580328,12.419672,-97.580328,0.006562973,enter x/y in compressor graph
S3,right,2,True,2,297.0000,38.0,-62.000000,-49.580328,12.419672,-69.580328,0.006562973,enter x/y in compressor graph
S3,right,2,True,3,297.0000,72.0,-28.000000,-27.993194,0.006806,-47.993194,0.006562973,enter x/y in compressor graph
S3,right,2,True,4,297.0000,100.0,0.000000,0.000000,0.000000,-20.000000,0.006562973,enter x/y in compressor graph
S3,right,2,True,5,297.0000,110.0,10.000000,0.000000,-10.000000,-20.000000,0.006562973,enter x/y in compressor graph
S3,right,3,True,1,500.0000,10.0,-90.000000,-75.881017,14.118983,-95.881017,0.000000000,enter x/y in compressor graph
S3,right,3,True,2,500.0000,36.0,-64.000000,-49.881017,14.118983,-69.881017,0.000000000,enter x/y in compressor graph
S3,right,3,True,3,500.0000,99.0,-1.000000,-0.686315,0.313685,-20.686315,0.000000000,enter x/y in compressor graph
S3,right,3,True,4,500.0000,100.0,0.000000,0.000000,0.000000,-20.000000,0.000000000,enter x/y in compressor graph
S3,right,3,True,5,500.0000,110.0,10.000000,0.000000,-10.000000,-20.000000,0.000000000,enter x/y in compressor graph
S3,right,4,True,1,841.0000,10.0,-90.000000,-60.816660,29.183340,-80.816660,0.000000000,enter x/y in compressor graph
S3,right,4,True,2,841.0000,37.0,-63.000000,-33.816660,29.183340,-53.816660,0.000000000,enter x/y in compressor graph
S3,right,4,True,3,841.0000,94.0,-6.000000,-0.127197,5.872803,-20.127197,0.000000000,enter x/y in compressor graph
S3,right,4,True,4,841.0000,95.0,-5.000000,0.000000,5.000000,-20.000000,0.000000000,enter x/y in compressor graph
S3,right,4,True,5,841.0000,110.0,10.000000,0.000000,-10.000000,-20.000000,0.000000000,enter x/y in compressor graph
S3,right,5,True,1,1414.0000,10.0,-90.000000,-44.285377,45.714623,-64.285377,0.000000000,enter x/y in compressor graph
S3,right,5,True,2,1414.0000,32.0,-68.000000,-22.285377,45.714623,-42.285377,0.000000000,enter x/y in compressor graph
S3,right,5,True,3,1414.0000,97.0,-3.000000,-0.048535,2.951465,-20.048535,0.000000000,enter x/y in compressor graph
S3,right,5,True,4,1414.0000,98.0,-2.000000,0.000000,2.000000,-20.000000,0.000000000,enter x/y in compressor graph
S3,right,5,True,5,1414.0000,110.0,10.000000,0.000000,-10.000000,-20.000000,0.000000000,enter x/y in compressor graph
S3,right,6,True,1,2378.0000,10.0,-90.000000,-36.451719,53.548281,-56.451719,0.000000000,enter x/y in compressor graph
S3,right,6,True,2,2378.0000,26.0,-74.000000,-20.451719,53.548281,-40.451719,0.000000000,enter x/y in compressor graph
S3,right,6,True,3,2378.0000,85.0,-15.000000,-0.267508,14.732492,-20.267508,0.000000000,enter x/y in compressor graph
S3,right,6,True,4,2378.0000,86.0,-14.000000,0.000000,14.000000,-20.000000,0.000000000,enter x/y in compressor graph
S3,right,6,True,5,2378.0000,110.0,10.000000,0.000000,-10.000000,-20.000000,0.000000000,enter x/y in compressor graph
S3,right,7,True,1,4000.0000,10.0,-90.000000,-32.666392,57.333608,-52.666392,0.000000000,enter x/y in compressor graph
S3,right,7,True,2,4000.0000,23.0,-77.000000,-19.666392,57.333608,-39.666392,0.000000000,enter x/y in compressor graph
S3,right,7,True,3,4000.0000,80.0,-20.000000,-0.166392,19.833608,-20.166392,0.000000000,enter x/y in compressor graph
S3,right,7,True,4,4000.0000,81.0,-19.000000,0.000000,19.000000,-20.000000,0.000000000,enter x/y in compressor graph
S3,right,7,True,5,4000.0000,110.0,10.000000,0.000000,-10.000000,-20.000000,0.000000000,enter x/y in compressor graph
S3,right,8,True,1,6727.0000,10.0,-90.000000,-13.403088,76.596912,-33.403088,0.000000000,enter x/y in compressor graph
S3,right,8,True,2,6727.0000,22.0,-78.000000,-1.403088,76.596912,-21.403088,0.000000000,enter x/y in compressor graph
S3,right,8,True,3,6727.0000,26.0,-74.000000,-0.034667,73.965333,-20.034667,0.000000000,enter x/y in compressor graph
S3,right,8,True,4,6727.0000,27.0,-73.000000,0.000000,73.000000,-20.000000,0.000000000,enter x/y in compressor graph
S3,right,8,True,5,6727.0000,110.0,10.000000,0.000000,-10.000000,-20.000000,0.000000000,enter x/y in compressor graph
S3,right,9,False,1,11314.0000,10.0,-90.000000,-90.000000,0.000000,-110.000000,0.000000000,bypass compressor; global headroom still applies
S3,right,9,False,2,11314.0000,110.0,10.000000,10.000000,0.000000,-10.000000,0.000000000,bypass compressor; global headroom still applies
